ISO-10303-21;
HEADER;
FILE_DESCRIPTION(('KiCad electronic assembly'),'2;1');
FILE_NAME('qwiic adapter 3D.step','2025-05-28T12:50:37',('Pcbnew'),(
    'Kicad'),'Open CASCADE STEP processor 7.8','KiCad to STEP converter'
  ,'Unknown');
FILE_SCHEMA(('AUTOMOTIVE_DESIGN { 1 0 10303 214 1 1 1 1 }'));
ENDSEC;
DATA;
#1 = APPLICATION_PROTOCOL_DEFINITION('international standard',
  'automotive_design',2000,#2);
#2 = APPLICATION_CONTEXT(
  'core data for automotive mechanical design processes');
#3 = SHAPE_DEFINITION_REPRESENTATION(#4,#10);
#4 = PRODUCT_DEFINITION_SHAPE('','',#5);
#5 = PRODUCT_DEFINITION('design','',#6,#9);
#6 = PRODUCT_DEFINITION_FORMATION('','',#7);
#7 = PRODUCT('qwiic adapter 3D 1','qwiic adapter 3D 1','',(#8));
#8 = PRODUCT_CONTEXT('',#2,'mechanical');
#9 = PRODUCT_DEFINITION_CONTEXT('part definition',#2,'design');
#10 = SHAPE_REPRESENTATION('',(#11,#15,#19,#23),#27);
#11 = AXIS2_PLACEMENT_3D('',#12,#13,#14);
#12 = CARTESIAN_POINT('',(0.,0.,0.));
#13 = DIRECTION('',(0.,0.,1.));
#14 = DIRECTION('',(1.,0.,-0.));
#15 = AXIS2_PLACEMENT_3D('',#16,#17,#18);
#16 = CARTESIAN_POINT('',(19.6,5.7,2.68));
#17 = DIRECTION('',(0.,0.,1.));
#18 = DIRECTION('',(-2.334869823773E-16,1.,0.));
#19 = AXIS2_PLACEMENT_3D('',#20,#21,#22);
#20 = CARTESIAN_POINT('',(2.8,5.7,2.68));
#21 = DIRECTION('',(-0.,0.,1.));
#22 = DIRECTION('',(1.144237745222E-17,-1.,0.));
#23 = AXIS2_PLACEMENT_3D('',#24,#25,#26);
#24 = CARTESIAN_POINT('',(0.,0.,0.));
#25 = DIRECTION('',(0.,0.,1.));
#26 = DIRECTION('',(1.,0.,-0.));
#27 = ( GEOMETRIC_REPRESENTATION_CONTEXT(3) 
GLOBAL_UNCERTAINTY_ASSIGNED_CONTEXT((#31)) GLOBAL_UNIT_ASSIGNED_CONTEXT(
(#28,#29,#30)) REPRESENTATION_CONTEXT('Context #1',
  '3D Context with UNIT and UNCERTAINTY') );
#28 = ( LENGTH_UNIT() NAMED_UNIT(*) SI_UNIT(.MILLI.,.METRE.) );
#29 = ( NAMED_UNIT(*) PLANE_ANGLE_UNIT() SI_UNIT($,.RADIAN.) );
#30 = ( NAMED_UNIT(*) SI_UNIT($,.STERADIAN.) SOLID_ANGLE_UNIT() );
#31 = UNCERTAINTY_MEASURE_WITH_UNIT(LENGTH_MEASURE(1.E-07),#28,
  'distance_accuracy_value','confusion accuracy');
#32 = PRODUCT_RELATED_PRODUCT_CATEGORY('part',$,(#7));
#33 = SHAPE_DEFINITION_REPRESENTATION(#34,#40);
#34 = PRODUCT_DEFINITION_SHAPE('','',#35);
#35 = PRODUCT_DEFINITION('design','',#36,#39);
#36 = PRODUCT_DEFINITION_FORMATION('','',#37);
#37 = PRODUCT('easyC connector','easyC connector','',(#38));
#38 = PRODUCT_CONTEXT('',#2,'mechanical');
#39 = PRODUCT_DEFINITION_CONTEXT('part definition',#2,'design');
#40 = SHAPE_REPRESENTATION('',(#11,#41),#45);
#41 = AXIS2_PLACEMENT_3D('',#42,#43,#44);
#42 = CARTESIAN_POINT('',(0.,0.,0.));
#43 = DIRECTION('',(0.,0.,1.));
#44 = DIRECTION('',(1.,0.,-0.));
#45 = ( GEOMETRIC_REPRESENTATION_CONTEXT(3) 
GLOBAL_UNCERTAINTY_ASSIGNED_CONTEXT((#49)) GLOBAL_UNIT_ASSIGNED_CONTEXT(
(#46,#47,#48)) REPRESENTATION_CONTEXT('Context #1',
  '3D Context with UNIT and UNCERTAINTY') );
#46 = ( LENGTH_UNIT() NAMED_UNIT(*) SI_UNIT(.MILLI.,.METRE.) );
#47 = ( NAMED_UNIT(*) PLANE_ANGLE_UNIT() SI_UNIT($,.RADIAN.) );
#48 = ( NAMED_UNIT(*) SI_UNIT($,.STERADIAN.) SOLID_ANGLE_UNIT() );
#49 = UNCERTAINTY_MEASURE_WITH_UNIT(LENGTH_MEASURE(1.E-07),#46,
  'distance_accuracy_value','confusion accuracy');
#50 = CONTEXT_DEPENDENT_SHAPE_REPRESENTATION(#51,#53);
#51 = ( REPRESENTATION_RELATIONSHIP('','',#40,#10) 
REPRESENTATION_RELATIONSHIP_WITH_TRANSFORMATION(#52) 
SHAPE_REPRESENTATION_RELATIONSHIP() );
#52 = ITEM_DEFINED_TRANSFORMATION('','',#11,#15);
#53 = PRODUCT_DEFINITION_SHAPE('Placement','Placement of an item',#54);
#54 = NEXT_ASSEMBLY_USAGE_OCCURRENCE('2','K2','',#5,#35,$);
#55 = PRODUCT_RELATED_PRODUCT_CATEGORY('part',$,(#37));
#56 = SHAPE_DEFINITION_REPRESENTATION(#57,#63);
#57 = PRODUCT_DEFINITION_SHAPE('','',#58);
#58 = PRODUCT_DEFINITION('design','',#59,#62);
#59 = PRODUCT_DEFINITION_FORMATION('','',#60);
#60 = PRODUCT('easyC connector v1','easyC connector v1','',(#61));
#61 = PRODUCT_CONTEXT('',#2,'mechanical');
#62 = PRODUCT_DEFINITION_CONTEXT('part definition',#2,'design');
#63 = ADVANCED_BREP_SHAPE_REPRESENTATION('',(#11,#64),#3974);
#64 = MANIFOLD_SOLID_BREP('',#65);
#65 = CLOSED_SHELL('',(#66,#106,#146,#209,#233,#280,#304,#346,#434,#458,
    #500,#588,#612,#654,#742,#766,#808,#839,#920,#1001,#1082,#1163,#1194
    ,#1225,#1247,#1269,#1286,#1303,#1327,#1344,#1361,#1378,#1443,#1460,
    #1477,#1540,#1564,#1597,#1621,#1652,#1678,#1745,#1762,#1779,#1812,
    #1829,#1846,#1877,#1919,#1950,#2157,#2182,#2469,#2486,#2508,#2525,
    #2542,#2564,#2581,#2598,#2620,#2637,#2659,#2671,#2697,#2714,#2726,
    #2776,#2788,#2800,#2812,#2829,#2841,#2853,#2870,#2882,#2894,#2906,
    #2928,#2945,#2957,#2979,#2996,#3008,#3030,#3047,#3059,#3081,#3098,
    #3110,#3122,#3134,#3146,#3158,#3189,#3213,#3237,#3254,#3294,#3325,
    #3349,#3373,#3390,#3430,#3461,#3485,#3509,#3526,#3566,#3597,#3621,
    #3645,#3662,#3702,#3724,#3741,#3758,#3770,#3792,#3809,#3826,#3838,
    #3860,#3877,#3894,#3906,#3928,#3945,#3962));
#66 = ADVANCED_FACE('',(#67),#101,.F.);
#67 = FACE_BOUND('',#68,.T.);
#68 = EDGE_LOOP('',(#69,#79,#87,#95));
#69 = ORIENTED_EDGE('',*,*,#70,.F.);
#70 = EDGE_CURVE('',#71,#73,#75,.T.);
#71 = VERTEX_POINT('',#72);
#72 = CARTESIAN_POINT('',(3.22,1.825,2.16));
#73 = VERTEX_POINT('',#74);
#74 = CARTESIAN_POINT('',(3.12,1.825,2.16));
#75 = LINE('',#76,#77);
#76 = CARTESIAN_POINT('',(1.75,1.825,2.16));
#77 = VECTOR('',#78,1.);
#78 = DIRECTION('',(-1.,0.,0.));
#79 = ORIENTED_EDGE('',*,*,#80,.F.);
#80 = EDGE_CURVE('',#81,#71,#83,.T.);
#81 = VERTEX_POINT('',#82);
#82 = CARTESIAN_POINT('',(3.22,2.22,2.16));
#83 = LINE('',#84,#85);
#84 = CARTESIAN_POINT('',(3.22,-1.02375,2.16));
#85 = VECTOR('',#86,1.);
#86 = DIRECTION('',(0.,-1.,0.));
#87 = ORIENTED_EDGE('',*,*,#88,.F.);
#88 = EDGE_CURVE('',#89,#81,#91,.T.);
#89 = VERTEX_POINT('',#90);
#90 = CARTESIAN_POINT('',(3.12,2.22,2.16));
#91 = LINE('',#92,#93);
#92 = CARTESIAN_POINT('',(1.56,2.22,2.16));
#93 = VECTOR('',#94,1.);
#94 = DIRECTION('',(1.,0.,0.));
#95 = ORIENTED_EDGE('',*,*,#96,.F.);
#96 = EDGE_CURVE('',#73,#89,#97,.T.);
#97 = LINE('',#98,#99);
#98 = CARTESIAN_POINT('',(3.12,-1.02375,2.16));
#99 = VECTOR('',#100,1.);
#100 = DIRECTION('',(0.,1.,0.));
#101 = PLANE('',#102);
#102 = AXIS2_PLACEMENT_3D('',#103,#104,#105);
#103 = CARTESIAN_POINT('',(0.,5.75E-02,2.16));
#104 = DIRECTION('',(0.,0.,-1.));
#105 = DIRECTION('',(-1.,0.,0.));
#106 = ADVANCED_FACE('',(#107),#141,.F.);
#107 = FACE_BOUND('',#108,.T.);
#108 = EDGE_LOOP('',(#109,#119,#127,#135));
#109 = ORIENTED_EDGE('',*,*,#110,.F.);
#110 = EDGE_CURVE('',#111,#113,#115,.T.);
#111 = VERTEX_POINT('',#112);
#112 = CARTESIAN_POINT('',(-3.12,1.825,2.16));
#113 = VERTEX_POINT('',#114);
#114 = CARTESIAN_POINT('',(-3.22,1.825,2.16));
#115 = LINE('',#116,#117);
#116 = CARTESIAN_POINT('',(1.75,1.825,2.16));
#117 = VECTOR('',#118,1.);
#118 = DIRECTION('',(-1.,0.,0.));
#119 = ORIENTED_EDGE('',*,*,#120,.F.);
#120 = EDGE_CURVE('',#121,#111,#123,.T.);
#121 = VERTEX_POINT('',#122);
#122 = CARTESIAN_POINT('',(-3.12,2.22,2.16));
#123 = LINE('',#124,#125);
#124 = CARTESIAN_POINT('',(-3.12,-1.02375,2.16));
#125 = VECTOR('',#126,1.);
#126 = DIRECTION('',(0.,-1.,0.));
#127 = ORIENTED_EDGE('',*,*,#128,.F.);
#128 = EDGE_CURVE('',#129,#121,#131,.T.);
#129 = VERTEX_POINT('',#130);
#130 = CARTESIAN_POINT('',(-3.22,2.22,2.16));
#131 = LINE('',#132,#133);
#132 = CARTESIAN_POINT('',(-1.56,2.22,2.16));
#133 = VECTOR('',#134,1.);
#134 = DIRECTION('',(1.,0.,0.));
#135 = ORIENTED_EDGE('',*,*,#136,.F.);
#136 = EDGE_CURVE('',#113,#129,#137,.T.);
#137 = LINE('',#138,#139);
#138 = CARTESIAN_POINT('',(-3.22,-1.02375,2.16));
#139 = VECTOR('',#140,1.);
#140 = DIRECTION('',(0.,1.,0.));
#141 = PLANE('',#142);
#142 = AXIS2_PLACEMENT_3D('',#143,#144,#145);
#143 = CARTESIAN_POINT('',(0.,5.75E-02,2.16));
#144 = DIRECTION('',(0.,0.,-1.));
#145 = DIRECTION('',(-1.,0.,0.));
#146 = ADVANCED_FACE('',(#147),#204,.F.);
#147 = FACE_BOUND('',#148,.T.);
#148 = EDGE_LOOP('',(#149,#150,#158,#166,#174,#182,#190,#198));
#149 = ORIENTED_EDGE('',*,*,#96,.T.);
#150 = ORIENTED_EDGE('',*,*,#151,.F.);
#151 = EDGE_CURVE('',#152,#89,#154,.T.);
#152 = VERTEX_POINT('',#153);
#153 = CARTESIAN_POINT('',(3.12,2.22,0.));
#154 = LINE('',#155,#156);
#155 = CARTESIAN_POINT('',(3.12,2.22,0.));
#156 = VECTOR('',#157,1.);
#157 = DIRECTION('',(0.,0.,1.));
#158 = ORIENTED_EDGE('',*,*,#159,.F.);
#159 = EDGE_CURVE('',#160,#152,#162,.T.);
#160 = VERTEX_POINT('',#161);
#161 = CARTESIAN_POINT('',(3.12,-2.105,0.));
#162 = LINE('',#163,#164);
#163 = CARTESIAN_POINT('',(3.12,-2.105,0.));
#164 = VECTOR('',#165,1.);
#165 = DIRECTION('',(0.,1.,0.));
#166 = ORIENTED_EDGE('',*,*,#167,.T.);
#167 = EDGE_CURVE('',#160,#168,#170,.T.);
#168 = VERTEX_POINT('',#169);
#169 = CARTESIAN_POINT('',(3.12,-2.105,0.4));
#170 = LINE('',#171,#172);
#171 = CARTESIAN_POINT('',(3.12,-2.105,0.));
#172 = VECTOR('',#173,1.);
#173 = DIRECTION('',(0.,0.,1.));
#174 = ORIENTED_EDGE('',*,*,#175,.T.);
#175 = EDGE_CURVE('',#168,#176,#178,.T.);
#176 = VERTEX_POINT('',#177);
#177 = CARTESIAN_POINT('',(3.12,2.125,0.4));
#178 = LINE('',#179,#180);
#179 = CARTESIAN_POINT('',(3.12,-2.105,0.4));
#180 = VECTOR('',#181,1.);
#181 = DIRECTION('',(0.,1.,0.));
#182 = ORIENTED_EDGE('',*,*,#183,.F.);
#183 = EDGE_CURVE('',#184,#176,#186,.T.);
#184 = VERTEX_POINT('',#185);
#185 = CARTESIAN_POINT('',(3.12,2.125,2.09));
#186 = LINE('',#187,#188);
#187 = CARTESIAN_POINT('',(3.12,2.125,1.545));
#188 = VECTOR('',#189,1.);
#189 = DIRECTION('',(0.,0.,-1.));
#190 = ORIENTED_EDGE('',*,*,#191,.F.);
#191 = EDGE_CURVE('',#192,#184,#194,.T.);
#192 = VERTEX_POINT('',#193);
#193 = CARTESIAN_POINT('',(3.12,1.825,2.09));
#194 = LINE('',#195,#196);
#195 = CARTESIAN_POINT('',(3.12,1.11,2.09));
#196 = VECTOR('',#197,1.);
#197 = DIRECTION('',(0.,1.,0.));
#198 = ORIENTED_EDGE('',*,*,#199,.F.);
#199 = EDGE_CURVE('',#73,#192,#200,.T.);
#200 = LINE('',#201,#202);
#201 = CARTESIAN_POINT('',(3.12,1.825,1.545));
#202 = VECTOR('',#203,1.);
#203 = DIRECTION('',(0.,0.,-1.));
#204 = PLANE('',#205);
#205 = AXIS2_PLACEMENT_3D('',#206,#207,#208);
#206 = CARTESIAN_POINT('',(3.12,-2.105,0.));
#207 = DIRECTION('',(1.,0.,0.));
#208 = DIRECTION('',(0.,0.,-1.));
#209 = ADVANCED_FACE('',(#210),#228,.F.);
#210 = FACE_BOUND('',#211,.T.);
#211 = EDGE_LOOP('',(#212,#213,#221,#227));
#212 = ORIENTED_EDGE('',*,*,#88,.T.);
#213 = ORIENTED_EDGE('',*,*,#214,.F.);
#214 = EDGE_CURVE('',#215,#81,#217,.T.);
#215 = VERTEX_POINT('',#216);
#216 = CARTESIAN_POINT('',(3.22,2.22,0.));
#217 = LINE('',#218,#219);
#218 = CARTESIAN_POINT('',(3.22,2.22,0.));
#219 = VECTOR('',#220,1.);
#220 = DIRECTION('',(0.,0.,1.));
#221 = ORIENTED_EDGE('',*,*,#222,.F.);
#222 = EDGE_CURVE('',#152,#215,#223,.T.);
#223 = LINE('',#224,#225);
#224 = CARTESIAN_POINT('',(3.12,2.22,0.));
#225 = VECTOR('',#226,1.);
#226 = DIRECTION('',(1.,0.,0.));
#227 = ORIENTED_EDGE('',*,*,#151,.T.);
#228 = PLANE('',#229);
#229 = AXIS2_PLACEMENT_3D('',#230,#231,#232);
#230 = CARTESIAN_POINT('',(3.12,2.22,0.));
#231 = DIRECTION('',(0.,-1.,0.));
#232 = DIRECTION('',(0.,0.,-1.));
#233 = ADVANCED_FACE('',(#234),#275,.F.);
#234 = FACE_BOUND('',#235,.T.);
#235 = EDGE_LOOP('',(#236,#237,#245,#253,#261,#269));
#236 = ORIENTED_EDGE('',*,*,#136,.T.);
#237 = ORIENTED_EDGE('',*,*,#238,.F.);
#238 = EDGE_CURVE('',#239,#129,#241,.T.);
#239 = VERTEX_POINT('',#240);
#240 = CARTESIAN_POINT('',(-3.22,2.22,0.));
#241 = LINE('',#242,#243);
#242 = CARTESIAN_POINT('',(-3.22,2.22,0.));
#243 = VECTOR('',#244,1.);
#244 = DIRECTION('',(0.,0.,1.));
#245 = ORIENTED_EDGE('',*,*,#246,.F.);
#246 = EDGE_CURVE('',#247,#239,#249,.T.);
#247 = VERTEX_POINT('',#248);
#248 = CARTESIAN_POINT('',(-3.22,-2.105,0.));
#249 = LINE('',#250,#251);
#250 = CARTESIAN_POINT('',(-3.22,-2.105,0.));
#251 = VECTOR('',#252,1.);
#252 = DIRECTION('',(0.,1.,0.));
#253 = ORIENTED_EDGE('',*,*,#254,.T.);
#254 = EDGE_CURVE('',#247,#255,#257,.T.);
#255 = VERTEX_POINT('',#256);
#256 = CARTESIAN_POINT('',(-3.22,-2.105,0.4));
#257 = LINE('',#258,#259);
#258 = CARTESIAN_POINT('',(-3.22,-2.105,0.));
#259 = VECTOR('',#260,1.);
#260 = DIRECTION('',(0.,0.,1.));
#261 = ORIENTED_EDGE('',*,*,#262,.T.);
#262 = EDGE_CURVE('',#255,#263,#265,.T.);
#263 = VERTEX_POINT('',#264);
#264 = CARTESIAN_POINT('',(-3.22,1.825,0.399999936819));
#265 = LINE('',#266,#267);
#266 = CARTESIAN_POINT('',(-3.22,-2.105,0.4));
#267 = VECTOR('',#268,1.);
#268 = DIRECTION('',(0.,1.,0.));
#269 = ORIENTED_EDGE('',*,*,#270,.F.);
#270 = EDGE_CURVE('',#113,#263,#271,.T.);
#271 = LINE('',#272,#273);
#272 = CARTESIAN_POINT('',(-3.22,1.825,2.09));
#273 = VECTOR('',#274,1.);
#274 = DIRECTION('',(0.,0.,-1.));
#275 = PLANE('',#276);
#276 = AXIS2_PLACEMENT_3D('',#277,#278,#279);
#277 = CARTESIAN_POINT('',(-3.22,-2.105,0.));
#278 = DIRECTION('',(1.,0.,0.));
#279 = DIRECTION('',(0.,0.,-1.));
#280 = ADVANCED_FACE('',(#281),#299,.T.);
#281 = FACE_BOUND('',#282,.T.);
#282 = EDGE_LOOP('',(#283,#284,#292,#298));
#283 = ORIENTED_EDGE('',*,*,#128,.T.);
#284 = ORIENTED_EDGE('',*,*,#285,.F.);
#285 = EDGE_CURVE('',#286,#121,#288,.T.);
#286 = VERTEX_POINT('',#287);
#287 = CARTESIAN_POINT('',(-3.12,2.22,0.));
#288 = LINE('',#289,#290);
#289 = CARTESIAN_POINT('',(-3.12,2.22,0.));
#290 = VECTOR('',#291,1.);
#291 = DIRECTION('',(0.,0.,1.));
#292 = ORIENTED_EDGE('',*,*,#293,.T.);
#293 = EDGE_CURVE('',#286,#239,#294,.T.);
#294 = LINE('',#295,#296);
#295 = CARTESIAN_POINT('',(-3.12,2.22,0.));
#296 = VECTOR('',#297,1.);
#297 = DIRECTION('',(-1.,0.,0.));
#298 = ORIENTED_EDGE('',*,*,#238,.T.);
#299 = PLANE('',#300);
#300 = AXIS2_PLACEMENT_3D('',#301,#302,#303);
#301 = CARTESIAN_POINT('',(-3.12,2.22,0.));
#302 = DIRECTION('',(0.,1.,0.));
#303 = DIRECTION('',(-1.,0.,0.));
#304 = ADVANCED_FACE('',(#305),#341,.T.);
#305 = FACE_BOUND('',#306,.T.);
#306 = EDGE_LOOP('',(#307,#318,#326,#335));
#307 = ORIENTED_EDGE('',*,*,#308,.T.);
#308 = EDGE_CURVE('',#309,#311,#313,.T.);
#309 = VERTEX_POINT('',#310);
#310 = CARTESIAN_POINT('',(-1.6,2.325,2.08));
#311 = VERTEX_POINT('',#312);
#312 = CARTESIAN_POINT('',(-1.6,2.025,2.38));
#313 = CIRCLE('',#314,0.3);
#314 = AXIS2_PLACEMENT_3D('',#315,#316,#317);
#315 = CARTESIAN_POINT('',(-1.6,2.025,2.08));
#316 = DIRECTION('',(1.,0.,-8.673617379884E-17));
#317 = DIRECTION('',(6.133173666733E-17,0.707106781187,0.707106781187));
#318 = ORIENTED_EDGE('',*,*,#319,.T.);
#319 = EDGE_CURVE('',#311,#320,#322,.T.);
#320 = VERTEX_POINT('',#321);
#321 = CARTESIAN_POINT('',(-1.4,2.025,2.38));
#322 = LINE('',#323,#324);
#323 = CARTESIAN_POINT('',(-0.7,2.025,2.38));
#324 = VECTOR('',#325,1.);
#325 = DIRECTION('',(1.,0.,0.));
#326 = ORIENTED_EDGE('',*,*,#327,.T.);
#327 = EDGE_CURVE('',#320,#328,#330,.T.);
#328 = VERTEX_POINT('',#329);
#329 = CARTESIAN_POINT('',(-1.4,2.325,2.08));
#330 = CIRCLE('',#331,0.3);
#331 = AXIS2_PLACEMENT_3D('',#332,#333,#334);
#332 = CARTESIAN_POINT('',(-1.4,2.025,2.08));
#333 = DIRECTION('',(-1.,0.,-8.673617379884E-17));
#334 = DIRECTION('',(-6.133173666733E-17,0.707106781187,0.707106781187)
  );
#335 = ORIENTED_EDGE('',*,*,#336,.T.);
#336 = EDGE_CURVE('',#328,#309,#337,.T.);
#337 = LINE('',#338,#339);
#338 = CARTESIAN_POINT('',(-0.7,2.325,2.08));
#339 = VECTOR('',#340,1.);
#340 = DIRECTION('',(-1.,0.,0.));
#341 = CYLINDRICAL_SURFACE('',#342,0.3);
#342 = AXIS2_PLACEMENT_3D('',#343,#344,#345);
#343 = CARTESIAN_POINT('',(-0.7,2.025,2.08));
#344 = DIRECTION('',(-1.,0.,0.));
#345 = DIRECTION('',(0.,0.707106781187,0.707106781187));
#346 = ADVANCED_FACE('',(#347),#429,.F.);
#347 = FACE_BOUND('',#348,.T.);
#348 = EDGE_LOOP('',(#349,#350,#358,#366,#375,#383,#391,#399,#407,#415,
    #423));
#349 = ORIENTED_EDGE('',*,*,#308,.F.);
#350 = ORIENTED_EDGE('',*,*,#351,.F.);
#351 = EDGE_CURVE('',#352,#309,#354,.T.);
#352 = VERTEX_POINT('',#353);
#353 = CARTESIAN_POINT('',(-1.6,2.325,0.28));
#354 = LINE('',#355,#356);
#355 = CARTESIAN_POINT('',(-1.6,2.325,-2.E-02));
#356 = VECTOR('',#357,1.);
#357 = DIRECTION('',(0.,0.,1.));
#358 = ORIENTED_EDGE('',*,*,#359,.T.);
#359 = EDGE_CURVE('',#352,#360,#362,.T.);
#360 = VERTEX_POINT('',#361);
#361 = CARTESIAN_POINT('',(-1.6,2.655,0.28));
#362 = LINE('',#363,#364);
#363 = CARTESIAN_POINT('',(-1.6,2.305,0.28));
#364 = VECTOR('',#365,1.);
#365 = DIRECTION('',(0.,1.,0.));
#366 = ORIENTED_EDGE('',*,*,#367,.T.);
#367 = EDGE_CURVE('',#360,#368,#370,.T.);
#368 = VERTEX_POINT('',#369);
#369 = CARTESIAN_POINT('',(-1.6,2.855,8.E-02));
#370 = CIRCLE('',#371,0.2);
#371 = AXIS2_PLACEMENT_3D('',#372,#373,#374);
#372 = CARTESIAN_POINT('',(-1.6,2.655,8.E-02));
#373 = DIRECTION('',(-1.,0.,8.673617379884E-17));
#374 = DIRECTION('',(-8.673617379884E-17,0.,-1.));
#375 = ORIENTED_EDGE('',*,*,#376,.F.);
#376 = EDGE_CURVE('',#377,#368,#379,.T.);
#377 = VERTEX_POINT('',#378);
#378 = CARTESIAN_POINT('',(-1.6,2.855,-2.E-02));
#379 = LINE('',#380,#381);
#380 = CARTESIAN_POINT('',(-1.6,2.855,-2.E-02));
#381 = VECTOR('',#382,1.);
#382 = DIRECTION('',(8.673617379884E-17,0.,1.));
#383 = ORIENTED_EDGE('',*,*,#384,.T.);
#384 = EDGE_CURVE('',#377,#385,#387,.T.);
#385 = VERTEX_POINT('',#386);
#386 = CARTESIAN_POINT('',(-1.6,2.125,-2.E-02));
#387 = LINE('',#388,#389);
#388 = CARTESIAN_POINT('',(-1.6,2.855,-2.E-02));
#389 = VECTOR('',#390,1.);
#390 = DIRECTION('',(0.,-1.,0.));
#391 = ORIENTED_EDGE('',*,*,#392,.T.);
#392 = EDGE_CURVE('',#385,#393,#395,.T.);
#393 = VERTEX_POINT('',#394);
#394 = CARTESIAN_POINT('',(-1.6,2.125,0.));
#395 = LINE('',#396,#397);
#396 = CARTESIAN_POINT('',(-1.6,2.125,-2.E-02));
#397 = VECTOR('',#398,1.);
#398 = DIRECTION('',(8.673617379884E-17,0.,1.));
#399 = ORIENTED_EDGE('',*,*,#400,.T.);
#400 = EDGE_CURVE('',#393,#401,#403,.T.);
#401 = VERTEX_POINT('',#402);
#402 = CARTESIAN_POINT('',(-1.6,2.125,2.09));
#403 = LINE('',#404,#405);
#404 = CARTESIAN_POINT('',(-1.6,2.125,-2.E-02));
#405 = VECTOR('',#406,1.);
#406 = DIRECTION('',(8.673617379884E-17,0.,1.));
#407 = ORIENTED_EDGE('',*,*,#408,.F.);
#408 = EDGE_CURVE('',#409,#401,#411,.T.);
#409 = VERTEX_POINT('',#410);
#410 = CARTESIAN_POINT('',(-1.600000031292,1.825,2.09));
#411 = LINE('',#412,#413);
#412 = CARTESIAN_POINT('',(-1.600000031292,1.1625,2.09));
#413 = VECTOR('',#414,1.);
#414 = DIRECTION('',(0.,1.,0.));
#415 = ORIENTED_EDGE('',*,*,#416,.F.);
#416 = EDGE_CURVE('',#417,#409,#419,.T.);
#417 = VERTEX_POINT('',#418);
#418 = CARTESIAN_POINT('',(-1.6,1.825,2.38));
#419 = LINE('',#420,#421);
#420 = CARTESIAN_POINT('',(-1.600000031292,1.825,2.735));
#421 = VECTOR('',#422,1.);
#422 = DIRECTION('',(0.,0.,-1.));
#423 = ORIENTED_EDGE('',*,*,#424,.F.);
#424 = EDGE_CURVE('',#311,#417,#425,.T.);
#425 = LINE('',#426,#427);
#426 = CARTESIAN_POINT('',(-1.6,2.125,2.38));
#427 = VECTOR('',#428,1.);
#428 = DIRECTION('',(0.,-1.,0.));
#429 = PLANE('',#430);
#430 = AXIS2_PLACEMENT_3D('',#431,#432,#433);
#431 = CARTESIAN_POINT('',(-1.6,2.855,-2.E-02));
#432 = DIRECTION('',(1.,0.,-8.673617379884E-17));
#433 = DIRECTION('',(-8.673617379884E-17,0.,-1.));
#434 = ADVANCED_FACE('',(#435),#453,.T.);
#435 = FACE_BOUND('',#436,.T.);
#436 = EDGE_LOOP('',(#437,#438,#446,#452));
#437 = ORIENTED_EDGE('',*,*,#336,.F.);
#438 = ORIENTED_EDGE('',*,*,#439,.F.);
#439 = EDGE_CURVE('',#440,#328,#442,.T.);
#440 = VERTEX_POINT('',#441);
#441 = CARTESIAN_POINT('',(-1.4,2.325,0.28));
#442 = LINE('',#443,#444);
#443 = CARTESIAN_POINT('',(-1.4,2.325,-2.E-02));
#444 = VECTOR('',#445,1.);
#445 = DIRECTION('',(0.,0.,1.));
#446 = ORIENTED_EDGE('',*,*,#447,.F.);
#447 = EDGE_CURVE('',#352,#440,#448,.T.);
#448 = LINE('',#449,#450);
#449 = CARTESIAN_POINT('',(-1.4,2.325,0.28));
#450 = VECTOR('',#451,1.);
#451 = DIRECTION('',(1.,0.,0.));
#452 = ORIENTED_EDGE('',*,*,#351,.T.);
#453 = PLANE('',#454);
#454 = AXIS2_PLACEMENT_3D('',#455,#456,#457);
#455 = CARTESIAN_POINT('',(-1.4,2.325,-2.E-02));
#456 = DIRECTION('',(0.,1.,0.));
#457 = DIRECTION('',(-1.,0.,0.));
#458 = ADVANCED_FACE('',(#459),#495,.T.);
#459 = FACE_BOUND('',#460,.T.);
#460 = EDGE_LOOP('',(#461,#472,#480,#489));
#461 = ORIENTED_EDGE('',*,*,#462,.T.);
#462 = EDGE_CURVE('',#463,#465,#467,.T.);
#463 = VERTEX_POINT('',#464);
#464 = CARTESIAN_POINT('',(-0.6,2.325,2.08));
#465 = VERTEX_POINT('',#466);
#466 = CARTESIAN_POINT('',(-0.6,2.025,2.38));
#467 = CIRCLE('',#468,0.3);
#468 = AXIS2_PLACEMENT_3D('',#469,#470,#471);
#469 = CARTESIAN_POINT('',(-0.6,2.025,2.08));
#470 = DIRECTION('',(1.,0.,-1.301042606983E-16));
#471 = DIRECTION('',(9.1997605001E-17,0.707106781187,0.707106781187));
#472 = ORIENTED_EDGE('',*,*,#473,.T.);
#473 = EDGE_CURVE('',#465,#474,#476,.T.);
#474 = VERTEX_POINT('',#475);
#475 = CARTESIAN_POINT('',(-0.4,2.025,2.38));
#476 = LINE('',#477,#478);
#477 = CARTESIAN_POINT('',(-0.2,2.025,2.38));
#478 = VECTOR('',#479,1.);
#479 = DIRECTION('',(1.,0.,0.));
#480 = ORIENTED_EDGE('',*,*,#481,.T.);
#481 = EDGE_CURVE('',#474,#482,#484,.T.);
#482 = VERTEX_POINT('',#483);
#483 = CARTESIAN_POINT('',(-0.4,2.325,2.08));
#484 = CIRCLE('',#485,0.3);
#485 = AXIS2_PLACEMENT_3D('',#486,#487,#488);
#486 = CARTESIAN_POINT('',(-0.4,2.025,2.08));
#487 = DIRECTION('',(-1.,0.,-1.301042606983E-16));
#488 = DIRECTION('',(-9.1997605001E-17,0.707106781187,0.707106781187));
#489 = ORIENTED_EDGE('',*,*,#490,.T.);
#490 = EDGE_CURVE('',#482,#463,#491,.T.);
#491 = LINE('',#492,#493);
#492 = CARTESIAN_POINT('',(-0.2,2.325,2.08));
#493 = VECTOR('',#494,1.);
#494 = DIRECTION('',(-1.,0.,0.));
#495 = CYLINDRICAL_SURFACE('',#496,0.3);
#496 = AXIS2_PLACEMENT_3D('',#497,#498,#499);
#497 = CARTESIAN_POINT('',(-0.2,2.025,2.08));
#498 = DIRECTION('',(-1.,0.,0.));
#499 = DIRECTION('',(0.,0.707106781187,0.707106781187));
#500 = ADVANCED_FACE('',(#501),#583,.F.);
#501 = FACE_BOUND('',#502,.T.);
#502 = EDGE_LOOP('',(#503,#504,#512,#520,#529,#537,#545,#553,#561,#569,
    #577));
#503 = ORIENTED_EDGE('',*,*,#462,.F.);
#504 = ORIENTED_EDGE('',*,*,#505,.F.);
#505 = EDGE_CURVE('',#506,#463,#508,.T.);
#506 = VERTEX_POINT('',#507);
#507 = CARTESIAN_POINT('',(-0.6,2.325,0.28));
#508 = LINE('',#509,#510);
#509 = CARTESIAN_POINT('',(-0.6,2.325,-2.E-02));
#510 = VECTOR('',#511,1.);
#511 = DIRECTION('',(0.,0.,1.));
#512 = ORIENTED_EDGE('',*,*,#513,.T.);
#513 = EDGE_CURVE('',#506,#514,#516,.T.);
#514 = VERTEX_POINT('',#515);
#515 = CARTESIAN_POINT('',(-0.6,2.655,0.28));
#516 = LINE('',#517,#518);
#517 = CARTESIAN_POINT('',(-0.6,2.305,0.28));
#518 = VECTOR('',#519,1.);
#519 = DIRECTION('',(0.,1.,0.));
#520 = ORIENTED_EDGE('',*,*,#521,.T.);
#521 = EDGE_CURVE('',#514,#522,#524,.T.);
#522 = VERTEX_POINT('',#523);
#523 = CARTESIAN_POINT('',(-0.6,2.855,8.E-02));
#524 = CIRCLE('',#525,0.2);
#525 = AXIS2_PLACEMENT_3D('',#526,#527,#528);
#526 = CARTESIAN_POINT('',(-0.6,2.655,8.E-02));
#527 = DIRECTION('',(-1.,0.,1.301042606983E-16));
#528 = DIRECTION('',(-1.301042606983E-16,0.,-1.));
#529 = ORIENTED_EDGE('',*,*,#530,.F.);
#530 = EDGE_CURVE('',#531,#522,#533,.T.);
#531 = VERTEX_POINT('',#532);
#532 = CARTESIAN_POINT('',(-0.6,2.855,-2.E-02));
#533 = LINE('',#534,#535);
#534 = CARTESIAN_POINT('',(-0.6,2.855,-2.E-02));
#535 = VECTOR('',#536,1.);
#536 = DIRECTION('',(1.301042606983E-16,0.,1.));
#537 = ORIENTED_EDGE('',*,*,#538,.T.);
#538 = EDGE_CURVE('',#531,#539,#541,.T.);
#539 = VERTEX_POINT('',#540);
#540 = CARTESIAN_POINT('',(-0.6,2.125,-2.E-02));
#541 = LINE('',#542,#543);
#542 = CARTESIAN_POINT('',(-0.6,2.855,-2.E-02));
#543 = VECTOR('',#544,1.);
#544 = DIRECTION('',(0.,-1.,0.));
#545 = ORIENTED_EDGE('',*,*,#546,.T.);
#546 = EDGE_CURVE('',#539,#547,#549,.T.);
#547 = VERTEX_POINT('',#548);
#548 = CARTESIAN_POINT('',(-0.6,2.125,0.));
#549 = LINE('',#550,#551);
#550 = CARTESIAN_POINT('',(-0.6,2.125,-2.E-02));
#551 = VECTOR('',#552,1.);
#552 = DIRECTION('',(1.301042606983E-16,0.,1.));
#553 = ORIENTED_EDGE('',*,*,#554,.T.);
#554 = EDGE_CURVE('',#547,#555,#557,.T.);
#555 = VERTEX_POINT('',#556);
#556 = CARTESIAN_POINT('',(-0.6,2.125,2.09));
#557 = LINE('',#558,#559);
#558 = CARTESIAN_POINT('',(-0.6,2.125,-2.E-02));
#559 = VECTOR('',#560,1.);
#560 = DIRECTION('',(1.301042606983E-16,0.,1.));
#561 = ORIENTED_EDGE('',*,*,#562,.F.);
#562 = EDGE_CURVE('',#563,#555,#565,.T.);
#563 = VERTEX_POINT('',#564);
#564 = CARTESIAN_POINT('',(-0.600000031292,1.825,2.09));
#565 = LINE('',#566,#567);
#566 = CARTESIAN_POINT('',(-0.600000031292,1.1625,2.09));
#567 = VECTOR('',#568,1.);
#568 = DIRECTION('',(0.,1.,0.));
#569 = ORIENTED_EDGE('',*,*,#570,.F.);
#570 = EDGE_CURVE('',#571,#563,#573,.T.);
#571 = VERTEX_POINT('',#572);
#572 = CARTESIAN_POINT('',(-0.6,1.825,2.38));
#573 = LINE('',#574,#575);
#574 = CARTESIAN_POINT('',(-0.600000031292,1.825,2.735));
#575 = VECTOR('',#576,1.);
#576 = DIRECTION('',(0.,0.,-1.));
#577 = ORIENTED_EDGE('',*,*,#578,.F.);
#578 = EDGE_CURVE('',#465,#571,#579,.T.);
#579 = LINE('',#580,#581);
#580 = CARTESIAN_POINT('',(-0.6,2.125,2.38));
#581 = VECTOR('',#582,1.);
#582 = DIRECTION('',(0.,-1.,0.));
#583 = PLANE('',#584);
#584 = AXIS2_PLACEMENT_3D('',#585,#586,#587);
#585 = CARTESIAN_POINT('',(-0.6,2.855,-2.E-02));
#586 = DIRECTION('',(1.,0.,-1.301042606983E-16));
#587 = DIRECTION('',(-1.301042606983E-16,0.,-1.));
#588 = ADVANCED_FACE('',(#589),#607,.T.);
#589 = FACE_BOUND('',#590,.T.);
#590 = EDGE_LOOP('',(#591,#592,#600,#606));
#591 = ORIENTED_EDGE('',*,*,#490,.F.);
#592 = ORIENTED_EDGE('',*,*,#593,.F.);
#593 = EDGE_CURVE('',#594,#482,#596,.T.);
#594 = VERTEX_POINT('',#595);
#595 = CARTESIAN_POINT('',(-0.4,2.325,0.28));
#596 = LINE('',#597,#598);
#597 = CARTESIAN_POINT('',(-0.4,2.325,-2.E-02));
#598 = VECTOR('',#599,1.);
#599 = DIRECTION('',(0.,0.,1.));
#600 = ORIENTED_EDGE('',*,*,#601,.F.);
#601 = EDGE_CURVE('',#506,#594,#602,.T.);
#602 = LINE('',#603,#604);
#603 = CARTESIAN_POINT('',(-0.4,2.325,0.28));
#604 = VECTOR('',#605,1.);
#605 = DIRECTION('',(1.,0.,0.));
#606 = ORIENTED_EDGE('',*,*,#505,.T.);
#607 = PLANE('',#608);
#608 = AXIS2_PLACEMENT_3D('',#609,#610,#611);
#609 = CARTESIAN_POINT('',(-0.4,2.325,-2.E-02));
#610 = DIRECTION('',(0.,1.,0.));
#611 = DIRECTION('',(-1.,0.,0.));
#612 = ADVANCED_FACE('',(#613),#649,.T.);
#613 = FACE_BOUND('',#614,.T.);
#614 = EDGE_LOOP('',(#615,#626,#634,#643));
#615 = ORIENTED_EDGE('',*,*,#616,.T.);
#616 = EDGE_CURVE('',#617,#619,#621,.T.);
#617 = VERTEX_POINT('',#618);
#618 = CARTESIAN_POINT('',(0.4,2.325,2.08));
#619 = VERTEX_POINT('',#620);
#620 = CARTESIAN_POINT('',(0.4,2.025,2.38));
#621 = CIRCLE('',#622,0.3);
#622 = AXIS2_PLACEMENT_3D('',#623,#624,#625);
#623 = CARTESIAN_POINT('',(0.4,2.025,2.08));
#624 = DIRECTION('',(1.,0.,-1.301042606983E-16));
#625 = DIRECTION('',(9.1997605001E-17,0.707106781187,0.707106781187));
#626 = ORIENTED_EDGE('',*,*,#627,.T.);
#627 = EDGE_CURVE('',#619,#628,#630,.T.);
#628 = VERTEX_POINT('',#629);
#629 = CARTESIAN_POINT('',(0.6,2.025,2.38));
#630 = LINE('',#631,#632);
#631 = CARTESIAN_POINT('',(0.3,2.025,2.38));
#632 = VECTOR('',#633,1.);
#633 = DIRECTION('',(1.,0.,0.));
#634 = ORIENTED_EDGE('',*,*,#635,.T.);
#635 = EDGE_CURVE('',#628,#636,#638,.T.);
#636 = VERTEX_POINT('',#637);
#637 = CARTESIAN_POINT('',(0.6,2.325,2.08));
#638 = CIRCLE('',#639,0.3);
#639 = AXIS2_PLACEMENT_3D('',#640,#641,#642);
#640 = CARTESIAN_POINT('',(0.6,2.025,2.08));
#641 = DIRECTION('',(-1.,0.,-1.301042606983E-16));
#642 = DIRECTION('',(-9.1997605001E-17,0.707106781187,0.707106781187));
#643 = ORIENTED_EDGE('',*,*,#644,.T.);
#644 = EDGE_CURVE('',#636,#617,#645,.T.);
#645 = LINE('',#646,#647);
#646 = CARTESIAN_POINT('',(0.3,2.325,2.08));
#647 = VECTOR('',#648,1.);
#648 = DIRECTION('',(-1.,0.,0.));
#649 = CYLINDRICAL_SURFACE('',#650,0.3);
#650 = AXIS2_PLACEMENT_3D('',#651,#652,#653);
#651 = CARTESIAN_POINT('',(0.3,2.025,2.08));
#652 = DIRECTION('',(-1.,0.,0.));
#653 = DIRECTION('',(0.,0.707106781187,0.707106781187));
#654 = ADVANCED_FACE('',(#655),#737,.F.);
#655 = FACE_BOUND('',#656,.T.);
#656 = EDGE_LOOP('',(#657,#658,#666,#674,#683,#691,#699,#707,#715,#723,
    #731));
#657 = ORIENTED_EDGE('',*,*,#616,.F.);
#658 = ORIENTED_EDGE('',*,*,#659,.F.);
#659 = EDGE_CURVE('',#660,#617,#662,.T.);
#660 = VERTEX_POINT('',#661);
#661 = CARTESIAN_POINT('',(0.4,2.325,0.28));
#662 = LINE('',#663,#664);
#663 = CARTESIAN_POINT('',(0.4,2.325,-2.E-02));
#664 = VECTOR('',#665,1.);
#665 = DIRECTION('',(0.,0.,1.));
#666 = ORIENTED_EDGE('',*,*,#667,.T.);
#667 = EDGE_CURVE('',#660,#668,#670,.T.);
#668 = VERTEX_POINT('',#669);
#669 = CARTESIAN_POINT('',(0.4,2.655,0.28));
#670 = LINE('',#671,#672);
#671 = CARTESIAN_POINT('',(0.4,2.305,0.28));
#672 = VECTOR('',#673,1.);
#673 = DIRECTION('',(0.,1.,0.));
#674 = ORIENTED_EDGE('',*,*,#675,.T.);
#675 = EDGE_CURVE('',#668,#676,#678,.T.);
#676 = VERTEX_POINT('',#677);
#677 = CARTESIAN_POINT('',(0.4,2.855,8.E-02));
#678 = CIRCLE('',#679,0.2);
#679 = AXIS2_PLACEMENT_3D('',#680,#681,#682);
#680 = CARTESIAN_POINT('',(0.4,2.655,8.E-02));
#681 = DIRECTION('',(-1.,0.,1.301042606983E-16));
#682 = DIRECTION('',(-1.301042606983E-16,0.,-1.));
#683 = ORIENTED_EDGE('',*,*,#684,.F.);
#684 = EDGE_CURVE('',#685,#676,#687,.T.);
#685 = VERTEX_POINT('',#686);
#686 = CARTESIAN_POINT('',(0.4,2.855,-2.E-02));
#687 = LINE('',#688,#689);
#688 = CARTESIAN_POINT('',(0.4,2.855,-2.E-02));
#689 = VECTOR('',#690,1.);
#690 = DIRECTION('',(1.301042606983E-16,0.,1.));
#691 = ORIENTED_EDGE('',*,*,#692,.T.);
#692 = EDGE_CURVE('',#685,#693,#695,.T.);
#693 = VERTEX_POINT('',#694);
#694 = CARTESIAN_POINT('',(0.4,2.125,-2.E-02));
#695 = LINE('',#696,#697);
#696 = CARTESIAN_POINT('',(0.4,2.855,-2.E-02));
#697 = VECTOR('',#698,1.);
#698 = DIRECTION('',(0.,-1.,0.));
#699 = ORIENTED_EDGE('',*,*,#700,.T.);
#700 = EDGE_CURVE('',#693,#701,#703,.T.);
#701 = VERTEX_POINT('',#702);
#702 = CARTESIAN_POINT('',(0.4,2.125,0.));
#703 = LINE('',#704,#705);
#704 = CARTESIAN_POINT('',(0.4,2.125,-2.E-02));
#705 = VECTOR('',#706,1.);
#706 = DIRECTION('',(1.301042606983E-16,0.,1.));
#707 = ORIENTED_EDGE('',*,*,#708,.T.);
#708 = EDGE_CURVE('',#701,#709,#711,.T.);
#709 = VERTEX_POINT('',#710);
#710 = CARTESIAN_POINT('',(0.4,2.125,2.09));
#711 = LINE('',#712,#713);
#712 = CARTESIAN_POINT('',(0.4,2.125,-2.E-02));
#713 = VECTOR('',#714,1.);
#714 = DIRECTION('',(1.301042606983E-16,0.,1.));
#715 = ORIENTED_EDGE('',*,*,#716,.F.);
#716 = EDGE_CURVE('',#717,#709,#719,.T.);
#717 = VERTEX_POINT('',#718);
#718 = CARTESIAN_POINT('',(0.399999968708,1.825,2.09));
#719 = LINE('',#720,#721);
#720 = CARTESIAN_POINT('',(0.399999968708,1.1625,2.09));
#721 = VECTOR('',#722,1.);
#722 = DIRECTION('',(0.,1.,0.));
#723 = ORIENTED_EDGE('',*,*,#724,.F.);
#724 = EDGE_CURVE('',#725,#717,#727,.T.);
#725 = VERTEX_POINT('',#726);
#726 = CARTESIAN_POINT('',(0.4,1.825,2.38));
#727 = LINE('',#728,#729);
#728 = CARTESIAN_POINT('',(0.399999968708,1.825,2.735));
#729 = VECTOR('',#730,1.);
#730 = DIRECTION('',(0.,0.,-1.));
#731 = ORIENTED_EDGE('',*,*,#732,.F.);
#732 = EDGE_CURVE('',#619,#725,#733,.T.);
#733 = LINE('',#734,#735);
#734 = CARTESIAN_POINT('',(0.4,2.125,2.38));
#735 = VECTOR('',#736,1.);
#736 = DIRECTION('',(0.,-1.,0.));
#737 = PLANE('',#738);
#738 = AXIS2_PLACEMENT_3D('',#739,#740,#741);
#739 = CARTESIAN_POINT('',(0.4,2.855,-2.E-02));
#740 = DIRECTION('',(1.,0.,-1.301042606983E-16));
#741 = DIRECTION('',(-1.301042606983E-16,0.,-1.));
#742 = ADVANCED_FACE('',(#743),#761,.T.);
#743 = FACE_BOUND('',#744,.T.);
#744 = EDGE_LOOP('',(#745,#746,#754,#760));
#745 = ORIENTED_EDGE('',*,*,#644,.F.);
#746 = ORIENTED_EDGE('',*,*,#747,.F.);
#747 = EDGE_CURVE('',#748,#636,#750,.T.);
#748 = VERTEX_POINT('',#749);
#749 = CARTESIAN_POINT('',(0.6,2.325,0.28));
#750 = LINE('',#751,#752);
#751 = CARTESIAN_POINT('',(0.6,2.325,-2.E-02));
#752 = VECTOR('',#753,1.);
#753 = DIRECTION('',(0.,0.,1.));
#754 = ORIENTED_EDGE('',*,*,#755,.F.);
#755 = EDGE_CURVE('',#660,#748,#756,.T.);
#756 = LINE('',#757,#758);
#757 = CARTESIAN_POINT('',(0.6,2.325,0.28));
#758 = VECTOR('',#759,1.);
#759 = DIRECTION('',(1.,0.,0.));
#760 = ORIENTED_EDGE('',*,*,#659,.T.);
#761 = PLANE('',#762);
#762 = AXIS2_PLACEMENT_3D('',#763,#764,#765);
#763 = CARTESIAN_POINT('',(0.6,2.325,-2.E-02));
#764 = DIRECTION('',(0.,1.,0.));
#765 = DIRECTION('',(-1.,0.,0.));
#766 = ADVANCED_FACE('',(#767),#803,.T.);
#767 = FACE_BOUND('',#768,.T.);
#768 = EDGE_LOOP('',(#769,#780,#788,#797));
#769 = ORIENTED_EDGE('',*,*,#770,.T.);
#770 = EDGE_CURVE('',#771,#773,#775,.T.);
#771 = VERTEX_POINT('',#772);
#772 = CARTESIAN_POINT('',(1.4,2.325,2.08));
#773 = VERTEX_POINT('',#774);
#774 = CARTESIAN_POINT('',(1.4,2.025,2.38));
#775 = CIRCLE('',#776,0.3);
#776 = AXIS2_PLACEMENT_3D('',#777,#778,#779);
#777 = CARTESIAN_POINT('',(1.4,2.025,2.08));
#778 = DIRECTION('',(1.,0.,-1.734723475977E-16));
#779 = DIRECTION('',(1.226634733347E-16,0.707106781187,0.707106781187));
#780 = ORIENTED_EDGE('',*,*,#781,.T.);
#781 = EDGE_CURVE('',#773,#782,#784,.T.);
#782 = VERTEX_POINT('',#783);
#783 = CARTESIAN_POINT('',(1.6,2.025,2.38));
#784 = LINE('',#785,#786);
#785 = CARTESIAN_POINT('',(0.8,2.025,2.38));
#786 = VECTOR('',#787,1.);
#787 = DIRECTION('',(1.,0.,0.));
#788 = ORIENTED_EDGE('',*,*,#789,.T.);
#789 = EDGE_CURVE('',#782,#790,#792,.T.);
#790 = VERTEX_POINT('',#791);
#791 = CARTESIAN_POINT('',(1.6,2.325,2.08));
#792 = CIRCLE('',#793,0.3);
#793 = AXIS2_PLACEMENT_3D('',#794,#795,#796);
#794 = CARTESIAN_POINT('',(1.6,2.025,2.08));
#795 = DIRECTION('',(-1.,0.,-1.734723475977E-16));
#796 = DIRECTION('',(-1.226634733347E-16,0.707106781187,0.707106781187)
  );
#797 = ORIENTED_EDGE('',*,*,#798,.T.);
#798 = EDGE_CURVE('',#790,#771,#799,.T.);
#799 = LINE('',#800,#801);
#800 = CARTESIAN_POINT('',(0.8,2.325,2.08));
#801 = VECTOR('',#802,1.);
#802 = DIRECTION('',(-1.,0.,0.));
#803 = CYLINDRICAL_SURFACE('',#804,0.3);
#804 = AXIS2_PLACEMENT_3D('',#805,#806,#807);
#805 = CARTESIAN_POINT('',(0.8,2.025,2.08));
#806 = DIRECTION('',(-1.,0.,0.));
#807 = DIRECTION('',(0.,0.707106781187,0.707106781187));
#808 = ADVANCED_FACE('',(#809),#834,.T.);
#809 = FACE_BOUND('',#810,.T.);
#810 = EDGE_LOOP('',(#811,#812,#820,#828));
#811 = ORIENTED_EDGE('',*,*,#798,.F.);
#812 = ORIENTED_EDGE('',*,*,#813,.F.);
#813 = EDGE_CURVE('',#814,#790,#816,.T.);
#814 = VERTEX_POINT('',#815);
#815 = CARTESIAN_POINT('',(1.6,2.325,0.28));
#816 = LINE('',#817,#818);
#817 = CARTESIAN_POINT('',(1.6,2.325,-2.E-02));
#818 = VECTOR('',#819,1.);
#819 = DIRECTION('',(0.,0.,1.));
#820 = ORIENTED_EDGE('',*,*,#821,.F.);
#821 = EDGE_CURVE('',#822,#814,#824,.T.);
#822 = VERTEX_POINT('',#823);
#823 = CARTESIAN_POINT('',(1.4,2.325,0.28));
#824 = LINE('',#825,#826);
#825 = CARTESIAN_POINT('',(1.6,2.325,0.28));
#826 = VECTOR('',#827,1.);
#827 = DIRECTION('',(1.,0.,0.));
#828 = ORIENTED_EDGE('',*,*,#829,.T.);
#829 = EDGE_CURVE('',#822,#771,#830,.T.);
#830 = LINE('',#831,#832);
#831 = CARTESIAN_POINT('',(1.4,2.325,-2.E-02));
#832 = VECTOR('',#833,1.);
#833 = DIRECTION('',(0.,0.,1.));
#834 = PLANE('',#835);
#835 = AXIS2_PLACEMENT_3D('',#836,#837,#838);
#836 = CARTESIAN_POINT('',(1.6,2.325,-2.E-02));
#837 = DIRECTION('',(0.,1.,0.));
#838 = DIRECTION('',(-1.,0.,0.));
#839 = ADVANCED_FACE('',(#840),#915,.F.);
#840 = FACE_BOUND('',#841,.T.);
#841 = EDGE_LOOP('',(#842,#843,#851,#859,#867,#875,#883,#891,#899,#908,
    #914));
#842 = ORIENTED_EDGE('',*,*,#789,.F.);
#843 = ORIENTED_EDGE('',*,*,#844,.T.);
#844 = EDGE_CURVE('',#782,#845,#847,.T.);
#845 = VERTEX_POINT('',#846);
#846 = CARTESIAN_POINT('',(1.6,1.825,2.38));
#847 = LINE('',#848,#849);
#848 = CARTESIAN_POINT('',(1.6,2.325,2.38));
#849 = VECTOR('',#850,1.);
#850 = DIRECTION('',(0.,-1.,0.));
#851 = ORIENTED_EDGE('',*,*,#852,.F.);
#852 = EDGE_CURVE('',#853,#845,#855,.T.);
#853 = VERTEX_POINT('',#854);
#854 = CARTESIAN_POINT('',(1.6,1.825,2.09));
#855 = LINE('',#856,#857);
#856 = CARTESIAN_POINT('',(1.6,1.825,2.585));
#857 = VECTOR('',#858,1.);
#858 = DIRECTION('',(0.,0.,1.));
#859 = ORIENTED_EDGE('',*,*,#860,.F.);
#860 = EDGE_CURVE('',#861,#853,#863,.T.);
#861 = VERTEX_POINT('',#862);
#862 = CARTESIAN_POINT('',(1.6,2.125,2.09));
#863 = LINE('',#864,#865);
#864 = CARTESIAN_POINT('',(1.6,1.1625,2.09));
#865 = VECTOR('',#866,1.);
#866 = DIRECTION('',(0.,-1.,0.));
#867 = ORIENTED_EDGE('',*,*,#868,.T.);
#868 = EDGE_CURVE('',#861,#869,#871,.T.);
#869 = VERTEX_POINT('',#870);
#870 = CARTESIAN_POINT('',(1.6,2.125,0.));
#871 = LINE('',#872,#873);
#872 = CARTESIAN_POINT('',(1.6,2.125,-2.E-02));
#873 = VECTOR('',#874,1.);
#874 = DIRECTION('',(1.734723475977E-16,0.,-1.));
#875 = ORIENTED_EDGE('',*,*,#876,.T.);
#876 = EDGE_CURVE('',#869,#877,#879,.T.);
#877 = VERTEX_POINT('',#878);
#878 = CARTESIAN_POINT('',(1.6,2.125,-2.E-02));
#879 = LINE('',#880,#881);
#880 = CARTESIAN_POINT('',(1.6,2.125,-2.E-02));
#881 = VECTOR('',#882,1.);
#882 = DIRECTION('',(1.734723475977E-16,0.,-1.));
#883 = ORIENTED_EDGE('',*,*,#884,.F.);
#884 = EDGE_CURVE('',#885,#877,#887,.T.);
#885 = VERTEX_POINT('',#886);
#886 = CARTESIAN_POINT('',(1.6,2.855,-2.E-02));
#887 = LINE('',#888,#889);
#888 = CARTESIAN_POINT('',(1.6,2.855,-2.E-02));
#889 = VECTOR('',#890,1.);
#890 = DIRECTION('',(0.,-1.,0.));
#891 = ORIENTED_EDGE('',*,*,#892,.F.);
#892 = EDGE_CURVE('',#893,#885,#895,.T.);
#893 = VERTEX_POINT('',#894);
#894 = CARTESIAN_POINT('',(1.6,2.855,8.E-02));
#895 = LINE('',#896,#897);
#896 = CARTESIAN_POINT('',(1.6,2.855,-2.E-02));
#897 = VECTOR('',#898,1.);
#898 = DIRECTION('',(1.734723475977E-16,0.,-1.));
#899 = ORIENTED_EDGE('',*,*,#900,.T.);
#900 = EDGE_CURVE('',#893,#901,#903,.T.);
#901 = VERTEX_POINT('',#902);
#902 = CARTESIAN_POINT('',(1.6,2.655,0.28));
#903 = CIRCLE('',#904,0.2);
#904 = AXIS2_PLACEMENT_3D('',#905,#906,#907);
#905 = CARTESIAN_POINT('',(1.6,2.655,8.E-02));
#906 = DIRECTION('',(1.,0.,1.734723475977E-16));
#907 = DIRECTION('',(-1.734723475977E-16,0.,1.));
#908 = ORIENTED_EDGE('',*,*,#909,.F.);
#909 = EDGE_CURVE('',#814,#901,#910,.T.);
#910 = LINE('',#911,#912);
#911 = CARTESIAN_POINT('',(1.6,2.305,0.28));
#912 = VECTOR('',#913,1.);
#913 = DIRECTION('',(0.,1.,0.));
#914 = ORIENTED_EDGE('',*,*,#813,.T.);
#915 = PLANE('',#916);
#916 = AXIS2_PLACEMENT_3D('',#917,#918,#919);
#917 = CARTESIAN_POINT('',(1.6,2.855,-2.E-02));
#918 = DIRECTION('',(-1.,0.,-1.734723475977E-16));
#919 = DIRECTION('',(-1.734723475977E-16,0.,1.));
#920 = ADVANCED_FACE('',(#921),#996,.F.);
#921 = FACE_BOUND('',#922,.T.);
#922 = EDGE_LOOP('',(#923,#924,#932,#940,#948,#956,#964,#972,#980,#989,
    #995));
#923 = ORIENTED_EDGE('',*,*,#635,.F.);
#924 = ORIENTED_EDGE('',*,*,#925,.T.);
#925 = EDGE_CURVE('',#628,#926,#928,.T.);
#926 = VERTEX_POINT('',#927);
#927 = CARTESIAN_POINT('',(0.6,1.825,2.38));
#928 = LINE('',#929,#930);
#929 = CARTESIAN_POINT('',(0.6,2.325,2.38));
#930 = VECTOR('',#931,1.);
#931 = DIRECTION('',(0.,-1.,0.));
#932 = ORIENTED_EDGE('',*,*,#933,.F.);
#933 = EDGE_CURVE('',#934,#926,#936,.T.);
#934 = VERTEX_POINT('',#935);
#935 = CARTESIAN_POINT('',(0.6,1.825,2.09));
#936 = LINE('',#937,#938);
#937 = CARTESIAN_POINT('',(0.6,1.825,2.585));
#938 = VECTOR('',#939,1.);
#939 = DIRECTION('',(0.,0.,1.));
#940 = ORIENTED_EDGE('',*,*,#941,.F.);
#941 = EDGE_CURVE('',#942,#934,#944,.T.);
#942 = VERTEX_POINT('',#943);
#943 = CARTESIAN_POINT('',(0.6,2.125,2.09));
#944 = LINE('',#945,#946);
#945 = CARTESIAN_POINT('',(0.6,1.1625,2.09));
#946 = VECTOR('',#947,1.);
#947 = DIRECTION('',(0.,-1.,0.));
#948 = ORIENTED_EDGE('',*,*,#949,.T.);
#949 = EDGE_CURVE('',#942,#950,#952,.T.);
#950 = VERTEX_POINT('',#951);
#951 = CARTESIAN_POINT('',(0.6,2.125,0.));
#952 = LINE('',#953,#954);
#953 = CARTESIAN_POINT('',(0.6,2.125,-2.E-02));
#954 = VECTOR('',#955,1.);
#955 = DIRECTION('',(1.301042606983E-16,0.,-1.));
#956 = ORIENTED_EDGE('',*,*,#957,.T.);
#957 = EDGE_CURVE('',#950,#958,#960,.T.);
#958 = VERTEX_POINT('',#959);
#959 = CARTESIAN_POINT('',(0.6,2.125,-2.E-02));
#960 = LINE('',#961,#962);
#961 = CARTESIAN_POINT('',(0.6,2.125,-2.E-02));
#962 = VECTOR('',#963,1.);
#963 = DIRECTION('',(1.301042606983E-16,0.,-1.));
#964 = ORIENTED_EDGE('',*,*,#965,.F.);
#965 = EDGE_CURVE('',#966,#958,#968,.T.);
#966 = VERTEX_POINT('',#967);
#967 = CARTESIAN_POINT('',(0.6,2.855,-2.E-02));
#968 = LINE('',#969,#970);
#969 = CARTESIAN_POINT('',(0.6,2.855,-2.E-02));
#970 = VECTOR('',#971,1.);
#971 = DIRECTION('',(0.,-1.,0.));
#972 = ORIENTED_EDGE('',*,*,#973,.F.);
#973 = EDGE_CURVE('',#974,#966,#976,.T.);
#974 = VERTEX_POINT('',#975);
#975 = CARTESIAN_POINT('',(0.6,2.855,8.E-02));
#976 = LINE('',#977,#978);
#977 = CARTESIAN_POINT('',(0.6,2.855,-2.E-02));
#978 = VECTOR('',#979,1.);
#979 = DIRECTION('',(1.301042606983E-16,0.,-1.));
#980 = ORIENTED_EDGE('',*,*,#981,.T.);
#981 = EDGE_CURVE('',#974,#982,#984,.T.);
#982 = VERTEX_POINT('',#983);
#983 = CARTESIAN_POINT('',(0.6,2.655,0.28));
#984 = CIRCLE('',#985,0.2);
#985 = AXIS2_PLACEMENT_3D('',#986,#987,#988);
#986 = CARTESIAN_POINT('',(0.6,2.655,8.E-02));
#987 = DIRECTION('',(1.,0.,1.301042606983E-16));
#988 = DIRECTION('',(-1.301042606983E-16,0.,1.));
#989 = ORIENTED_EDGE('',*,*,#990,.F.);
#990 = EDGE_CURVE('',#748,#982,#991,.T.);
#991 = LINE('',#992,#993);
#992 = CARTESIAN_POINT('',(0.6,2.305,0.28));
#993 = VECTOR('',#994,1.);
#994 = DIRECTION('',(0.,1.,0.));
#995 = ORIENTED_EDGE('',*,*,#747,.T.);
#996 = PLANE('',#997);
#997 = AXIS2_PLACEMENT_3D('',#998,#999,#1000);
#998 = CARTESIAN_POINT('',(0.6,2.855,-2.E-02));
#999 = DIRECTION('',(-1.,0.,-1.301042606983E-16));
#1000 = DIRECTION('',(-1.301042606983E-16,0.,1.));
#1001 = ADVANCED_FACE('',(#1002),#1077,.F.);
#1002 = FACE_BOUND('',#1003,.T.);
#1003 = EDGE_LOOP('',(#1004,#1005,#1013,#1021,#1029,#1037,#1045,#1053,
    #1061,#1070,#1076));
#1004 = ORIENTED_EDGE('',*,*,#481,.F.);
#1005 = ORIENTED_EDGE('',*,*,#1006,.T.);
#1006 = EDGE_CURVE('',#474,#1007,#1009,.T.);
#1007 = VERTEX_POINT('',#1008);
#1008 = CARTESIAN_POINT('',(-0.4,1.825,2.38));
#1009 = LINE('',#1010,#1011);
#1010 = CARTESIAN_POINT('',(-0.4,2.325,2.38));
#1011 = VECTOR('',#1012,1.);
#1012 = DIRECTION('',(0.,-1.,0.));
#1013 = ORIENTED_EDGE('',*,*,#1014,.F.);
#1014 = EDGE_CURVE('',#1015,#1007,#1017,.T.);
#1015 = VERTEX_POINT('',#1016);
#1016 = CARTESIAN_POINT('',(-0.4,1.825,2.09));
#1017 = LINE('',#1018,#1019);
#1018 = CARTESIAN_POINT('',(-0.4,1.825,2.585));
#1019 = VECTOR('',#1020,1.);
#1020 = DIRECTION('',(0.,0.,1.));
#1021 = ORIENTED_EDGE('',*,*,#1022,.F.);
#1022 = EDGE_CURVE('',#1023,#1015,#1025,.T.);
#1023 = VERTEX_POINT('',#1024);
#1024 = CARTESIAN_POINT('',(-0.4,2.125,2.09));
#1025 = LINE('',#1026,#1027);
#1026 = CARTESIAN_POINT('',(-0.4,1.1625,2.09));
#1027 = VECTOR('',#1028,1.);
#1028 = DIRECTION('',(0.,-1.,0.));
#1029 = ORIENTED_EDGE('',*,*,#1030,.T.);
#1030 = EDGE_CURVE('',#1023,#1031,#1033,.T.);
#1031 = VERTEX_POINT('',#1032);
#1032 = CARTESIAN_POINT('',(-0.4,2.125,0.));
#1033 = LINE('',#1034,#1035);
#1034 = CARTESIAN_POINT('',(-0.4,2.125,-2.E-02));
#1035 = VECTOR('',#1036,1.);
#1036 = DIRECTION('',(1.301042606983E-16,0.,-1.));
#1037 = ORIENTED_EDGE('',*,*,#1038,.T.);
#1038 = EDGE_CURVE('',#1031,#1039,#1041,.T.);
#1039 = VERTEX_POINT('',#1040);
#1040 = CARTESIAN_POINT('',(-0.4,2.125,-2.E-02));
#1041 = LINE('',#1042,#1043);
#1042 = CARTESIAN_POINT('',(-0.4,2.125,-2.E-02));
#1043 = VECTOR('',#1044,1.);
#1044 = DIRECTION('',(1.301042606983E-16,0.,-1.));
#1045 = ORIENTED_EDGE('',*,*,#1046,.F.);
#1046 = EDGE_CURVE('',#1047,#1039,#1049,.T.);
#1047 = VERTEX_POINT('',#1048);
#1048 = CARTESIAN_POINT('',(-0.4,2.855,-2.E-02));
#1049 = LINE('',#1050,#1051);
#1050 = CARTESIAN_POINT('',(-0.4,2.855,-2.E-02));
#1051 = VECTOR('',#1052,1.);
#1052 = DIRECTION('',(0.,-1.,0.));
#1053 = ORIENTED_EDGE('',*,*,#1054,.F.);
#1054 = EDGE_CURVE('',#1055,#1047,#1057,.T.);
#1055 = VERTEX_POINT('',#1056);
#1056 = CARTESIAN_POINT('',(-0.4,2.855,8.E-02));
#1057 = LINE('',#1058,#1059);
#1058 = CARTESIAN_POINT('',(-0.4,2.855,-2.E-02));
#1059 = VECTOR('',#1060,1.);
#1060 = DIRECTION('',(1.301042606983E-16,0.,-1.));
#1061 = ORIENTED_EDGE('',*,*,#1062,.T.);
#1062 = EDGE_CURVE('',#1055,#1063,#1065,.T.);
#1063 = VERTEX_POINT('',#1064);
#1064 = CARTESIAN_POINT('',(-0.4,2.655,0.28));
#1065 = CIRCLE('',#1066,0.2);
#1066 = AXIS2_PLACEMENT_3D('',#1067,#1068,#1069);
#1067 = CARTESIAN_POINT('',(-0.4,2.655,8.E-02));
#1068 = DIRECTION('',(1.,0.,1.301042606983E-16));
#1069 = DIRECTION('',(-1.301042606983E-16,0.,1.));
#1070 = ORIENTED_EDGE('',*,*,#1071,.F.);
#1071 = EDGE_CURVE('',#594,#1063,#1072,.T.);
#1072 = LINE('',#1073,#1074);
#1073 = CARTESIAN_POINT('',(-0.4,2.305,0.28));
#1074 = VECTOR('',#1075,1.);
#1075 = DIRECTION('',(0.,1.,0.));
#1076 = ORIENTED_EDGE('',*,*,#593,.T.);
#1077 = PLANE('',#1078);
#1078 = AXIS2_PLACEMENT_3D('',#1079,#1080,#1081);
#1079 = CARTESIAN_POINT('',(-0.4,2.855,-2.E-02));
#1080 = DIRECTION('',(-1.,0.,-1.301042606983E-16));
#1081 = DIRECTION('',(-1.301042606983E-16,0.,1.));
#1082 = ADVANCED_FACE('',(#1083),#1158,.F.);
#1083 = FACE_BOUND('',#1084,.T.);
#1084 = EDGE_LOOP('',(#1085,#1086,#1094,#1102,#1110,#1118,#1126,#1134,
    #1142,#1151,#1157));
#1085 = ORIENTED_EDGE('',*,*,#327,.F.);
#1086 = ORIENTED_EDGE('',*,*,#1087,.T.);
#1087 = EDGE_CURVE('',#320,#1088,#1090,.T.);
#1088 = VERTEX_POINT('',#1089);
#1089 = CARTESIAN_POINT('',(-1.4,1.825,2.38));
#1090 = LINE('',#1091,#1092);
#1091 = CARTESIAN_POINT('',(-1.4,2.325,2.38));
#1092 = VECTOR('',#1093,1.);
#1093 = DIRECTION('',(0.,-1.,0.));
#1094 = ORIENTED_EDGE('',*,*,#1095,.F.);
#1095 = EDGE_CURVE('',#1096,#1088,#1098,.T.);
#1096 = VERTEX_POINT('',#1097);
#1097 = CARTESIAN_POINT('',(-1.4,1.825,2.09));
#1098 = LINE('',#1099,#1100);
#1099 = CARTESIAN_POINT('',(-1.4,1.825,2.585));
#1100 = VECTOR('',#1101,1.);
#1101 = DIRECTION('',(0.,0.,1.));
#1102 = ORIENTED_EDGE('',*,*,#1103,.F.);
#1103 = EDGE_CURVE('',#1104,#1096,#1106,.T.);
#1104 = VERTEX_POINT('',#1105);
#1105 = CARTESIAN_POINT('',(-1.4,2.125,2.09));
#1106 = LINE('',#1107,#1108);
#1107 = CARTESIAN_POINT('',(-1.4,1.1625,2.09));
#1108 = VECTOR('',#1109,1.);
#1109 = DIRECTION('',(0.,-1.,0.));
#1110 = ORIENTED_EDGE('',*,*,#1111,.T.);
#1111 = EDGE_CURVE('',#1104,#1112,#1114,.T.);
#1112 = VERTEX_POINT('',#1113);
#1113 = CARTESIAN_POINT('',(-1.4,2.125,0.));
#1114 = LINE('',#1115,#1116);
#1115 = CARTESIAN_POINT('',(-1.4,2.125,-2.E-02));
#1116 = VECTOR('',#1117,1.);
#1117 = DIRECTION('',(8.673617379884E-17,0.,-1.));
#1118 = ORIENTED_EDGE('',*,*,#1119,.T.);
#1119 = EDGE_CURVE('',#1112,#1120,#1122,.T.);
#1120 = VERTEX_POINT('',#1121);
#1121 = CARTESIAN_POINT('',(-1.4,2.125,-2.E-02));
#1122 = LINE('',#1123,#1124);
#1123 = CARTESIAN_POINT('',(-1.4,2.125,-2.E-02));
#1124 = VECTOR('',#1125,1.);
#1125 = DIRECTION('',(8.673617379884E-17,0.,-1.));
#1126 = ORIENTED_EDGE('',*,*,#1127,.F.);
#1127 = EDGE_CURVE('',#1128,#1120,#1130,.T.);
#1128 = VERTEX_POINT('',#1129);
#1129 = CARTESIAN_POINT('',(-1.4,2.855,-2.E-02));
#1130 = LINE('',#1131,#1132);
#1131 = CARTESIAN_POINT('',(-1.4,2.855,-2.E-02));
#1132 = VECTOR('',#1133,1.);
#1133 = DIRECTION('',(0.,-1.,0.));
#1134 = ORIENTED_EDGE('',*,*,#1135,.F.);
#1135 = EDGE_CURVE('',#1136,#1128,#1138,.T.);
#1136 = VERTEX_POINT('',#1137);
#1137 = CARTESIAN_POINT('',(-1.4,2.855,8.E-02));
#1138 = LINE('',#1139,#1140);
#1139 = CARTESIAN_POINT('',(-1.4,2.855,-2.E-02));
#1140 = VECTOR('',#1141,1.);
#1141 = DIRECTION('',(8.673617379884E-17,0.,-1.));
#1142 = ORIENTED_EDGE('',*,*,#1143,.T.);
#1143 = EDGE_CURVE('',#1136,#1144,#1146,.T.);
#1144 = VERTEX_POINT('',#1145);
#1145 = CARTESIAN_POINT('',(-1.4,2.655,0.28));
#1146 = CIRCLE('',#1147,0.2);
#1147 = AXIS2_PLACEMENT_3D('',#1148,#1149,#1150);
#1148 = CARTESIAN_POINT('',(-1.4,2.655,8.E-02));
#1149 = DIRECTION('',(1.,0.,8.673617379884E-17));
#1150 = DIRECTION('',(-8.673617379884E-17,0.,1.));
#1151 = ORIENTED_EDGE('',*,*,#1152,.F.);
#1152 = EDGE_CURVE('',#440,#1144,#1153,.T.);
#1153 = LINE('',#1154,#1155);
#1154 = CARTESIAN_POINT('',(-1.4,2.305,0.28));
#1155 = VECTOR('',#1156,1.);
#1156 = DIRECTION('',(0.,1.,0.));
#1157 = ORIENTED_EDGE('',*,*,#439,.T.);
#1158 = PLANE('',#1159);
#1159 = AXIS2_PLACEMENT_3D('',#1160,#1161,#1162);
#1160 = CARTESIAN_POINT('',(-1.4,2.855,-2.E-02));
#1161 = DIRECTION('',(-1.,0.,-8.673617379884E-17));
#1162 = DIRECTION('',(-8.673617379884E-17,0.,1.));
#1163 = ADVANCED_FACE('',(#1164),#1189,.F.);
#1164 = FACE_BOUND('',#1165,.T.);
#1165 = EDGE_LOOP('',(#1166,#1167,#1175,#1183));
#1166 = ORIENTED_EDGE('',*,*,#408,.T.);
#1167 = ORIENTED_EDGE('',*,*,#1168,.F.);
#1168 = EDGE_CURVE('',#1169,#401,#1171,.T.);
#1169 = VERTEX_POINT('',#1170);
#1170 = CARTESIAN_POINT('',(-3.12,2.125,2.09));
#1171 = LINE('',#1172,#1173);
#1172 = CARTESIAN_POINT('',(-1.75,2.125,2.09));
#1173 = VECTOR('',#1174,1.);
#1174 = DIRECTION('',(1.,0.,0.));
#1175 = ORIENTED_EDGE('',*,*,#1176,.T.);
#1176 = EDGE_CURVE('',#1169,#1177,#1179,.T.);
#1177 = VERTEX_POINT('',#1178);
#1178 = CARTESIAN_POINT('',(-3.12,1.825,2.09));
#1179 = LINE('',#1180,#1181);
#1180 = CARTESIAN_POINT('',(-3.12,0.91,2.09));
#1181 = VECTOR('',#1182,1.);
#1182 = DIRECTION('',(0.,-1.,0.));
#1183 = ORIENTED_EDGE('',*,*,#1184,.F.);
#1184 = EDGE_CURVE('',#409,#1177,#1185,.T.);
#1185 = LINE('',#1186,#1187);
#1186 = CARTESIAN_POINT('',(-3.5,1.825,2.09));
#1187 = VECTOR('',#1188,1.);
#1188 = DIRECTION('',(-1.,0.,0.));
#1189 = PLANE('',#1190);
#1190 = AXIS2_PLACEMENT_3D('',#1191,#1192,#1193);
#1191 = CARTESIAN_POINT('',(0.,0.,2.09));
#1192 = DIRECTION('',(0.,0.,-1.));
#1193 = DIRECTION('',(-1.,0.,0.));
#1194 = ADVANCED_FACE('',(#1195),#1220,.F.);
#1195 = FACE_BOUND('',#1196,.T.);
#1196 = EDGE_LOOP('',(#1197,#1198,#1206,#1214));
#1197 = ORIENTED_EDGE('',*,*,#941,.T.);
#1198 = ORIENTED_EDGE('',*,*,#1199,.F.);
#1199 = EDGE_CURVE('',#1200,#934,#1202,.T.);
#1200 = VERTEX_POINT('',#1201);
#1201 = CARTESIAN_POINT('',(1.399999968708,1.825,2.09));
#1202 = LINE('',#1203,#1204);
#1203 = CARTESIAN_POINT('',(-3.5,1.825,2.09));
#1204 = VECTOR('',#1205,1.);
#1205 = DIRECTION('',(-1.,0.,0.));
#1206 = ORIENTED_EDGE('',*,*,#1207,.T.);
#1207 = EDGE_CURVE('',#1200,#1208,#1210,.T.);
#1208 = VERTEX_POINT('',#1209);
#1209 = CARTESIAN_POINT('',(1.4,2.125,2.09));
#1210 = LINE('',#1211,#1212);
#1211 = CARTESIAN_POINT('',(1.399999968708,1.1625,2.09));
#1212 = VECTOR('',#1213,1.);
#1213 = DIRECTION('',(0.,1.,0.));
#1214 = ORIENTED_EDGE('',*,*,#1215,.F.);
#1215 = EDGE_CURVE('',#942,#1208,#1216,.T.);
#1216 = LINE('',#1217,#1218);
#1217 = CARTESIAN_POINT('',(-1.75,2.125,2.09));
#1218 = VECTOR('',#1219,1.);
#1219 = DIRECTION('',(1.,0.,0.));
#1220 = PLANE('',#1221);
#1221 = AXIS2_PLACEMENT_3D('',#1222,#1223,#1224);
#1222 = CARTESIAN_POINT('',(0.,0.,2.09));
#1223 = DIRECTION('',(0.,0.,-1.));
#1224 = DIRECTION('',(-1.,0.,0.));
#1225 = ADVANCED_FACE('',(#1226),#1242,.F.);
#1226 = FACE_BOUND('',#1227,.T.);
#1227 = EDGE_LOOP('',(#1228,#1229,#1235,#1236));
#1228 = ORIENTED_EDGE('',*,*,#860,.T.);
#1229 = ORIENTED_EDGE('',*,*,#1230,.F.);
#1230 = EDGE_CURVE('',#192,#853,#1231,.T.);
#1231 = LINE('',#1232,#1233);
#1232 = CARTESIAN_POINT('',(-3.5,1.825,2.09));
#1233 = VECTOR('',#1234,1.);
#1234 = DIRECTION('',(-1.,0.,0.));
#1235 = ORIENTED_EDGE('',*,*,#191,.T.);
#1236 = ORIENTED_EDGE('',*,*,#1237,.F.);
#1237 = EDGE_CURVE('',#861,#184,#1238,.T.);
#1238 = LINE('',#1239,#1240);
#1239 = CARTESIAN_POINT('',(-1.75,2.125,2.09));
#1240 = VECTOR('',#1241,1.);
#1241 = DIRECTION('',(1.,0.,0.));
#1242 = PLANE('',#1243);
#1243 = AXIS2_PLACEMENT_3D('',#1244,#1245,#1246);
#1244 = CARTESIAN_POINT('',(0.,0.,2.09));
#1245 = DIRECTION('',(0.,0.,-1.));
#1246 = DIRECTION('',(-1.,0.,0.));
#1247 = ADVANCED_FACE('',(#1248),#1264,.F.);
#1248 = FACE_BOUND('',#1249,.T.);
#1249 = EDGE_LOOP('',(#1250,#1251,#1257,#1258));
#1250 = ORIENTED_EDGE('',*,*,#562,.T.);
#1251 = ORIENTED_EDGE('',*,*,#1252,.F.);
#1252 = EDGE_CURVE('',#1104,#555,#1253,.T.);
#1253 = LINE('',#1254,#1255);
#1254 = CARTESIAN_POINT('',(-1.75,2.125,2.09));
#1255 = VECTOR('',#1256,1.);
#1256 = DIRECTION('',(1.,0.,0.));
#1257 = ORIENTED_EDGE('',*,*,#1103,.T.);
#1258 = ORIENTED_EDGE('',*,*,#1259,.F.);
#1259 = EDGE_CURVE('',#563,#1096,#1260,.T.);
#1260 = LINE('',#1261,#1262);
#1261 = CARTESIAN_POINT('',(-3.5,1.825,2.09));
#1262 = VECTOR('',#1263,1.);
#1263 = DIRECTION('',(-1.,0.,0.));
#1264 = PLANE('',#1265);
#1265 = AXIS2_PLACEMENT_3D('',#1266,#1267,#1268);
#1266 = CARTESIAN_POINT('',(0.,0.,2.09));
#1267 = DIRECTION('',(0.,0.,-1.));
#1268 = DIRECTION('',(-1.,0.,0.));
#1269 = ADVANCED_FACE('',(#1270),#1281,.T.);
#1270 = FACE_BOUND('',#1271,.T.);
#1271 = EDGE_LOOP('',(#1272,#1273,#1274,#1280));
#1272 = ORIENTED_EDGE('',*,*,#627,.F.);
#1273 = ORIENTED_EDGE('',*,*,#732,.T.);
#1274 = ORIENTED_EDGE('',*,*,#1275,.F.);
#1275 = EDGE_CURVE('',#926,#725,#1276,.T.);
#1276 = LINE('',#1277,#1278);
#1277 = CARTESIAN_POINT('',(2.05,1.825,2.38));
#1278 = VECTOR('',#1279,1.);
#1279 = DIRECTION('',(-1.,0.,0.));
#1280 = ORIENTED_EDGE('',*,*,#925,.F.);
#1281 = PLANE('',#1282);
#1282 = AXIS2_PLACEMENT_3D('',#1283,#1284,#1285);
#1283 = CARTESIAN_POINT('',(-2.775557561563E-16,2.49,2.38));
#1284 = DIRECTION('',(0.,0.,1.));
#1285 = DIRECTION('',(1.,0.,-0.));
#1286 = ADVANCED_FACE('',(#1287),#1298,.T.);
#1287 = FACE_BOUND('',#1288,.T.);
#1288 = EDGE_LOOP('',(#1289,#1290,#1291,#1297));
#1289 = ORIENTED_EDGE('',*,*,#473,.F.);
#1290 = ORIENTED_EDGE('',*,*,#578,.T.);
#1291 = ORIENTED_EDGE('',*,*,#1292,.F.);
#1292 = EDGE_CURVE('',#1007,#571,#1293,.T.);
#1293 = LINE('',#1294,#1295);
#1294 = CARTESIAN_POINT('',(1.55,1.825,2.38));
#1295 = VECTOR('',#1296,1.);
#1296 = DIRECTION('',(-1.,0.,0.));
#1297 = ORIENTED_EDGE('',*,*,#1006,.F.);
#1298 = PLANE('',#1299);
#1299 = AXIS2_PLACEMENT_3D('',#1300,#1301,#1302);
#1300 = CARTESIAN_POINT('',(-2.775557561563E-16,2.49,2.38));
#1301 = DIRECTION('',(0.,0.,1.));
#1302 = DIRECTION('',(1.,0.,-0.));
#1303 = ADVANCED_FACE('',(#1304),#1322,.T.);
#1304 = FACE_BOUND('',#1305,.T.);
#1305 = EDGE_LOOP('',(#1306,#1307,#1315,#1321));
#1306 = ORIENTED_EDGE('',*,*,#781,.F.);
#1307 = ORIENTED_EDGE('',*,*,#1308,.T.);
#1308 = EDGE_CURVE('',#773,#1309,#1311,.T.);
#1309 = VERTEX_POINT('',#1310);
#1310 = CARTESIAN_POINT('',(1.399999968708,1.825,2.38));
#1311 = LINE('',#1312,#1313);
#1312 = CARTESIAN_POINT('',(1.4,2.125,2.38));
#1313 = VECTOR('',#1314,1.);
#1314 = DIRECTION('',(0.,-1.,0.));
#1315 = ORIENTED_EDGE('',*,*,#1316,.F.);
#1316 = EDGE_CURVE('',#845,#1309,#1317,.T.);
#1317 = LINE('',#1318,#1319);
#1318 = CARTESIAN_POINT('',(2.55,1.825,2.38));
#1319 = VECTOR('',#1320,1.);
#1320 = DIRECTION('',(-1.,0.,0.));
#1321 = ORIENTED_EDGE('',*,*,#844,.F.);
#1322 = PLANE('',#1323);
#1323 = AXIS2_PLACEMENT_3D('',#1324,#1325,#1326);
#1324 = CARTESIAN_POINT('',(-2.775557561563E-16,2.49,2.38));
#1325 = DIRECTION('',(0.,0.,1.));
#1326 = DIRECTION('',(1.,0.,-0.));
#1327 = ADVANCED_FACE('',(#1328),#1339,.T.);
#1328 = FACE_BOUND('',#1329,.T.);
#1329 = EDGE_LOOP('',(#1330,#1331,#1332,#1338));
#1330 = ORIENTED_EDGE('',*,*,#319,.F.);
#1331 = ORIENTED_EDGE('',*,*,#424,.T.);
#1332 = ORIENTED_EDGE('',*,*,#1333,.F.);
#1333 = EDGE_CURVE('',#1088,#417,#1334,.T.);
#1334 = LINE('',#1335,#1336);
#1335 = CARTESIAN_POINT('',(1.05,1.825,2.38));
#1336 = VECTOR('',#1337,1.);
#1337 = DIRECTION('',(-1.,0.,0.));
#1338 = ORIENTED_EDGE('',*,*,#1087,.F.);
#1339 = PLANE('',#1340);
#1340 = AXIS2_PLACEMENT_3D('',#1341,#1342,#1343);
#1341 = CARTESIAN_POINT('',(-2.775557561563E-16,2.49,2.38));
#1342 = DIRECTION('',(0.,0.,1.));
#1343 = DIRECTION('',(1.,0.,-0.));
#1344 = ADVANCED_FACE('',(#1345),#1356,.F.);
#1345 = FACE_BOUND('',#1346,.T.);
#1346 = EDGE_LOOP('',(#1347,#1348,#1349,#1355));
#1347 = ORIENTED_EDGE('',*,*,#755,.T.);
#1348 = ORIENTED_EDGE('',*,*,#990,.T.);
#1349 = ORIENTED_EDGE('',*,*,#1350,.T.);
#1350 = EDGE_CURVE('',#982,#668,#1351,.T.);
#1351 = LINE('',#1352,#1353);
#1352 = CARTESIAN_POINT('',(0.6,2.655,0.28));
#1353 = VECTOR('',#1354,1.);
#1354 = DIRECTION('',(-1.,0.,0.));
#1355 = ORIENTED_EDGE('',*,*,#667,.F.);
#1356 = PLANE('',#1357);
#1357 = AXIS2_PLACEMENT_3D('',#1358,#1359,#1360);
#1358 = CARTESIAN_POINT('',(0.6,2.305,0.28));
#1359 = DIRECTION('',(0.,0.,-1.));
#1360 = DIRECTION('',(-1.,0.,0.));
#1361 = ADVANCED_FACE('',(#1362),#1373,.F.);
#1362 = FACE_BOUND('',#1363,.T.);
#1363 = EDGE_LOOP('',(#1364,#1365,#1366,#1372));
#1364 = ORIENTED_EDGE('',*,*,#601,.T.);
#1365 = ORIENTED_EDGE('',*,*,#1071,.T.);
#1366 = ORIENTED_EDGE('',*,*,#1367,.T.);
#1367 = EDGE_CURVE('',#1063,#514,#1368,.T.);
#1368 = LINE('',#1369,#1370);
#1369 = CARTESIAN_POINT('',(-0.4,2.655,0.28));
#1370 = VECTOR('',#1371,1.);
#1371 = DIRECTION('',(-1.,0.,0.));
#1372 = ORIENTED_EDGE('',*,*,#513,.F.);
#1373 = PLANE('',#1374);
#1374 = AXIS2_PLACEMENT_3D('',#1375,#1376,#1377);
#1375 = CARTESIAN_POINT('',(-0.4,2.305,0.28));
#1376 = DIRECTION('',(0.,0.,-1.));
#1377 = DIRECTION('',(-1.,0.,0.));
#1378 = ADVANCED_FACE('',(#1379),#1438,.F.);
#1379 = FACE_BOUND('',#1380,.T.);
#1380 = EDGE_LOOP('',(#1381,#1382,#1383,#1391,#1400,#1408,#1416,#1424,
    #1430,#1431,#1437));
#1381 = ORIENTED_EDGE('',*,*,#770,.F.);
#1382 = ORIENTED_EDGE('',*,*,#829,.F.);
#1383 = ORIENTED_EDGE('',*,*,#1384,.T.);
#1384 = EDGE_CURVE('',#822,#1385,#1387,.T.);
#1385 = VERTEX_POINT('',#1386);
#1386 = CARTESIAN_POINT('',(1.4,2.655,0.28));
#1387 = LINE('',#1388,#1389);
#1388 = CARTESIAN_POINT('',(1.4,2.305,0.28));
#1389 = VECTOR('',#1390,1.);
#1390 = DIRECTION('',(0.,1.,0.));
#1391 = ORIENTED_EDGE('',*,*,#1392,.T.);
#1392 = EDGE_CURVE('',#1385,#1393,#1395,.T.);
#1393 = VERTEX_POINT('',#1394);
#1394 = CARTESIAN_POINT('',(1.4,2.855,8.E-02));
#1395 = CIRCLE('',#1396,0.2);
#1396 = AXIS2_PLACEMENT_3D('',#1397,#1398,#1399);
#1397 = CARTESIAN_POINT('',(1.4,2.655,8.E-02));
#1398 = DIRECTION('',(-1.,0.,1.734723475977E-16));
#1399 = DIRECTION('',(-1.734723475977E-16,0.,-1.));
#1400 = ORIENTED_EDGE('',*,*,#1401,.F.);
#1401 = EDGE_CURVE('',#1402,#1393,#1404,.T.);
#1402 = VERTEX_POINT('',#1403);
#1403 = CARTESIAN_POINT('',(1.4,2.855,-2.E-02));
#1404 = LINE('',#1405,#1406);
#1405 = CARTESIAN_POINT('',(1.4,2.855,-2.E-02));
#1406 = VECTOR('',#1407,1.);
#1407 = DIRECTION('',(1.734723475977E-16,0.,1.));
#1408 = ORIENTED_EDGE('',*,*,#1409,.T.);
#1409 = EDGE_CURVE('',#1402,#1410,#1412,.T.);
#1410 = VERTEX_POINT('',#1411);
#1411 = CARTESIAN_POINT('',(1.4,2.125,-2.E-02));
#1412 = LINE('',#1413,#1414);
#1413 = CARTESIAN_POINT('',(1.4,2.855,-2.E-02));
#1414 = VECTOR('',#1415,1.);
#1415 = DIRECTION('',(0.,-1.,0.));
#1416 = ORIENTED_EDGE('',*,*,#1417,.T.);
#1417 = EDGE_CURVE('',#1410,#1418,#1420,.T.);
#1418 = VERTEX_POINT('',#1419);
#1419 = CARTESIAN_POINT('',(1.4,2.125,0.));
#1420 = LINE('',#1421,#1422);
#1421 = CARTESIAN_POINT('',(1.4,2.125,-2.E-02));
#1422 = VECTOR('',#1423,1.);
#1423 = DIRECTION('',(1.734723475977E-16,0.,1.));
#1424 = ORIENTED_EDGE('',*,*,#1425,.T.);
#1425 = EDGE_CURVE('',#1418,#1208,#1426,.T.);
#1426 = LINE('',#1427,#1428);
#1427 = CARTESIAN_POINT('',(1.4,2.125,-2.E-02));
#1428 = VECTOR('',#1429,1.);
#1429 = DIRECTION('',(1.734723475977E-16,0.,1.));
#1430 = ORIENTED_EDGE('',*,*,#1207,.F.);
#1431 = ORIENTED_EDGE('',*,*,#1432,.F.);
#1432 = EDGE_CURVE('',#1309,#1200,#1433,.T.);
#1433 = LINE('',#1434,#1435);
#1434 = CARTESIAN_POINT('',(1.399999968708,1.825,2.735));
#1435 = VECTOR('',#1436,1.);
#1436 = DIRECTION('',(0.,0.,-1.));
#1437 = ORIENTED_EDGE('',*,*,#1308,.F.);
#1438 = PLANE('',#1439);
#1439 = AXIS2_PLACEMENT_3D('',#1440,#1441,#1442);
#1440 = CARTESIAN_POINT('',(1.4,2.855,-2.E-02));
#1441 = DIRECTION('',(1.,0.,-1.734723475977E-16));
#1442 = DIRECTION('',(-1.734723475977E-16,0.,-1.));
#1443 = ADVANCED_FACE('',(#1444),#1455,.F.);
#1444 = FACE_BOUND('',#1445,.T.);
#1445 = EDGE_LOOP('',(#1446,#1447,#1448,#1454));
#1446 = ORIENTED_EDGE('',*,*,#821,.T.);
#1447 = ORIENTED_EDGE('',*,*,#909,.T.);
#1448 = ORIENTED_EDGE('',*,*,#1449,.T.);
#1449 = EDGE_CURVE('',#901,#1385,#1450,.T.);
#1450 = LINE('',#1451,#1452);
#1451 = CARTESIAN_POINT('',(1.6,2.655,0.28));
#1452 = VECTOR('',#1453,1.);
#1453 = DIRECTION('',(-1.,0.,0.));
#1454 = ORIENTED_EDGE('',*,*,#1384,.F.);
#1455 = PLANE('',#1456);
#1456 = AXIS2_PLACEMENT_3D('',#1457,#1458,#1459);
#1457 = CARTESIAN_POINT('',(1.6,2.305,0.28));
#1458 = DIRECTION('',(0.,0.,-1.));
#1459 = DIRECTION('',(-1.,0.,0.));
#1460 = ADVANCED_FACE('',(#1461),#1472,.F.);
#1461 = FACE_BOUND('',#1462,.T.);
#1462 = EDGE_LOOP('',(#1463,#1464,#1465,#1471));
#1463 = ORIENTED_EDGE('',*,*,#447,.T.);
#1464 = ORIENTED_EDGE('',*,*,#1152,.T.);
#1465 = ORIENTED_EDGE('',*,*,#1466,.T.);
#1466 = EDGE_CURVE('',#1144,#360,#1467,.T.);
#1467 = LINE('',#1468,#1469);
#1468 = CARTESIAN_POINT('',(-1.4,2.655,0.28));
#1469 = VECTOR('',#1470,1.);
#1470 = DIRECTION('',(-1.,0.,0.));
#1471 = ORIENTED_EDGE('',*,*,#359,.F.);
#1472 = PLANE('',#1473);
#1473 = AXIS2_PLACEMENT_3D('',#1474,#1475,#1476);
#1474 = CARTESIAN_POINT('',(-1.4,2.305,0.28));
#1475 = DIRECTION('',(0.,0.,-1.));
#1476 = DIRECTION('',(-1.,0.,0.));
#1477 = ADVANCED_FACE('',(#1478),#1535,.F.);
#1478 = FACE_BOUND('',#1479,.T.);
#1479 = EDGE_LOOP('',(#1480,#1488,#1489,#1497,#1505,#1513,#1521,#1529));
#1480 = ORIENTED_EDGE('',*,*,#1481,.T.);
#1481 = EDGE_CURVE('',#1482,#263,#1484,.T.);
#1482 = VERTEX_POINT('',#1483);
#1483 = CARTESIAN_POINT('',(-3.5,1.825,0.399999936819));
#1484 = LINE('',#1485,#1486);
#1485 = CARTESIAN_POINT('',(-3.36,1.825,0.4));
#1486 = VECTOR('',#1487,1.);
#1487 = DIRECTION('',(1.,0.,0.));
#1488 = ORIENTED_EDGE('',*,*,#262,.F.);
#1489 = ORIENTED_EDGE('',*,*,#1490,.F.);
#1490 = EDGE_CURVE('',#1491,#255,#1493,.T.);
#1491 = VERTEX_POINT('',#1492);
#1492 = CARTESIAN_POINT('',(-3.12,-2.105,0.4));
#1493 = LINE('',#1494,#1495);
#1494 = CARTESIAN_POINT('',(-3.12,-2.105,0.4));
#1495 = VECTOR('',#1496,1.);
#1496 = DIRECTION('',(-1.,-4.336808689942E-15,0.));
#1497 = ORIENTED_EDGE('',*,*,#1498,.F.);
#1498 = EDGE_CURVE('',#1499,#1491,#1501,.T.);
#1499 = VERTEX_POINT('',#1500);
#1500 = CARTESIAN_POINT('',(-3.12,2.125,0.4));
#1501 = LINE('',#1502,#1503);
#1502 = CARTESIAN_POINT('',(-3.12,1.575,0.4));
#1503 = VECTOR('',#1504,1.);
#1504 = DIRECTION('',(0.,-1.,0.));
#1505 = ORIENTED_EDGE('',*,*,#1506,.F.);
#1506 = EDGE_CURVE('',#1507,#1499,#1509,.T.);
#1507 = VERTEX_POINT('',#1508);
#1508 = CARTESIAN_POINT('',(-3.1,2.125,0.4));
#1509 = LINE('',#1510,#1511);
#1510 = CARTESIAN_POINT('',(-3.5,2.125,0.4));
#1511 = VECTOR('',#1512,1.);
#1512 = DIRECTION('',(-1.,0.,0.));
#1513 = ORIENTED_EDGE('',*,*,#1514,.T.);
#1514 = EDGE_CURVE('',#1507,#1515,#1517,.T.);
#1515 = VERTEX_POINT('',#1516);
#1516 = CARTESIAN_POINT('',(-3.1,-2.125,0.4));
#1517 = LINE('',#1518,#1519);
#1518 = CARTESIAN_POINT('',(-3.1,1.575,0.4));
#1519 = VECTOR('',#1520,1.);
#1520 = DIRECTION('',(0.,-1.,0.));
#1521 = ORIENTED_EDGE('',*,*,#1522,.T.);
#1522 = EDGE_CURVE('',#1515,#1523,#1525,.T.);
#1523 = VERTEX_POINT('',#1524);
#1524 = CARTESIAN_POINT('',(-3.5,-2.125,0.4));
#1525 = LINE('',#1526,#1527);
#1526 = CARTESIAN_POINT('',(-3.5,-2.125,0.4));
#1527 = VECTOR('',#1528,1.);
#1528 = DIRECTION('',(-1.,0.,0.));
#1529 = ORIENTED_EDGE('',*,*,#1530,.F.);
#1530 = EDGE_CURVE('',#1482,#1523,#1531,.T.);
#1531 = LINE('',#1532,#1533);
#1532 = CARTESIAN_POINT('',(-3.5,1.575,0.4));
#1533 = VECTOR('',#1534,1.);
#1534 = DIRECTION('',(0.,-1.,0.));
#1535 = PLANE('',#1536);
#1536 = AXIS2_PLACEMENT_3D('',#1537,#1538,#1539);
#1537 = CARTESIAN_POINT('',(-3.5,1.575,0.4));
#1538 = DIRECTION('',(0.,0.,1.));
#1539 = DIRECTION('',(1.,0.,-0.));
#1540 = ADVANCED_FACE('',(#1541),#1559,.T.);
#1541 = FACE_BOUND('',#1542,.T.);
#1542 = EDGE_LOOP('',(#1543,#1551,#1557,#1558));
#1543 = ORIENTED_EDGE('',*,*,#1544,.T.);
#1544 = EDGE_CURVE('',#215,#1545,#1547,.T.);
#1545 = VERTEX_POINT('',#1546);
#1546 = CARTESIAN_POINT('',(3.22,-2.105,0.));
#1547 = LINE('',#1548,#1549);
#1548 = CARTESIAN_POINT('',(3.22,-2.105,0.));
#1549 = VECTOR('',#1550,1.);
#1550 = DIRECTION('',(0.,-1.,0.));
#1551 = ORIENTED_EDGE('',*,*,#1552,.T.);
#1552 = EDGE_CURVE('',#1545,#160,#1553,.T.);
#1553 = LINE('',#1554,#1555);
#1554 = CARTESIAN_POINT('',(3.12,-2.105,0.));
#1555 = VECTOR('',#1556,1.);
#1556 = DIRECTION('',(-1.,0.,0.));
#1557 = ORIENTED_EDGE('',*,*,#159,.T.);
#1558 = ORIENTED_EDGE('',*,*,#222,.T.);
#1559 = PLANE('',#1560);
#1560 = AXIS2_PLACEMENT_3D('',#1561,#1562,#1563);
#1561 = CARTESIAN_POINT('',(0.,0.,0.));
#1562 = DIRECTION('',(0.,0.,-1.));
#1563 = DIRECTION('',(-1.,0.,0.));
#1564 = ADVANCED_FACE('',(#1565),#1592,.F.);
#1565 = FACE_BOUND('',#1566,.T.);
#1566 = EDGE_LOOP('',(#1567,#1568,#1576,#1584,#1590,#1591));
#1567 = ORIENTED_EDGE('',*,*,#80,.T.);
#1568 = ORIENTED_EDGE('',*,*,#1569,.F.);
#1569 = EDGE_CURVE('',#1570,#71,#1572,.T.);
#1570 = VERTEX_POINT('',#1571);
#1571 = CARTESIAN_POINT('',(3.22,1.825,0.399999936819));
#1572 = LINE('',#1573,#1574);
#1573 = CARTESIAN_POINT('',(3.22,1.825,1.545));
#1574 = VECTOR('',#1575,1.);
#1575 = DIRECTION('',(0.,0.,1.));
#1576 = ORIENTED_EDGE('',*,*,#1577,.T.);
#1577 = EDGE_CURVE('',#1570,#1578,#1580,.T.);
#1578 = VERTEX_POINT('',#1579);
#1579 = CARTESIAN_POINT('',(3.22,-2.105,0.4));
#1580 = LINE('',#1581,#1582);
#1581 = CARTESIAN_POINT('',(3.22,1.575,0.4));
#1582 = VECTOR('',#1583,1.);
#1583 = DIRECTION('',(0.,-1.,0.));
#1584 = ORIENTED_EDGE('',*,*,#1585,.F.);
#1585 = EDGE_CURVE('',#1545,#1578,#1586,.T.);
#1586 = LINE('',#1587,#1588);
#1587 = CARTESIAN_POINT('',(3.22,-2.105,0.));
#1588 = VECTOR('',#1589,1.);
#1589 = DIRECTION('',(0.,0.,1.));
#1590 = ORIENTED_EDGE('',*,*,#1544,.F.);
#1591 = ORIENTED_EDGE('',*,*,#214,.T.);
#1592 = PLANE('',#1593);
#1593 = AXIS2_PLACEMENT_3D('',#1594,#1595,#1596);
#1594 = CARTESIAN_POINT('',(3.22,-2.105,0.));
#1595 = DIRECTION('',(-1.,0.,0.));
#1596 = DIRECTION('',(0.,0.,1.));
#1597 = ADVANCED_FACE('',(#1598),#1616,.F.);
#1598 = FACE_BOUND('',#1599,.T.);
#1599 = EDGE_LOOP('',(#1600,#1608,#1614,#1615));
#1600 = ORIENTED_EDGE('',*,*,#1601,.T.);
#1601 = EDGE_CURVE('',#286,#1602,#1604,.T.);
#1602 = VERTEX_POINT('',#1603);
#1603 = CARTESIAN_POINT('',(-3.12,-2.105,0.));
#1604 = LINE('',#1605,#1606);
#1605 = CARTESIAN_POINT('',(-3.12,-2.105,0.));
#1606 = VECTOR('',#1607,1.);
#1607 = DIRECTION('',(0.,-1.,0.));
#1608 = ORIENTED_EDGE('',*,*,#1609,.T.);
#1609 = EDGE_CURVE('',#1602,#247,#1610,.T.);
#1610 = LINE('',#1611,#1612);
#1611 = CARTESIAN_POINT('',(-3.12,-2.105,0.));
#1612 = VECTOR('',#1613,1.);
#1613 = DIRECTION('',(-1.,-4.336808689942E-15,0.));
#1614 = ORIENTED_EDGE('',*,*,#246,.T.);
#1615 = ORIENTED_EDGE('',*,*,#293,.F.);
#1616 = PLANE('',#1617);
#1617 = AXIS2_PLACEMENT_3D('',#1618,#1619,#1620);
#1618 = CARTESIAN_POINT('',(0.,0.,0.));
#1619 = DIRECTION('',(0.,0.,1.));
#1620 = DIRECTION('',(1.,0.,-0.));
#1621 = ADVANCED_FACE('',(#1622),#1647,.F.);
#1622 = FACE_BOUND('',#1623,.T.);
#1623 = EDGE_LOOP('',(#1624,#1625,#1631,#1632,#1638,#1639,#1645,#1646));
#1624 = ORIENTED_EDGE('',*,*,#120,.T.);
#1625 = ORIENTED_EDGE('',*,*,#1626,.F.);
#1626 = EDGE_CURVE('',#1177,#111,#1627,.T.);
#1627 = LINE('',#1628,#1629);
#1628 = CARTESIAN_POINT('',(-3.12,1.825,1.545));
#1629 = VECTOR('',#1630,1.);
#1630 = DIRECTION('',(0.,0.,1.));
#1631 = ORIENTED_EDGE('',*,*,#1176,.F.);
#1632 = ORIENTED_EDGE('',*,*,#1633,.F.);
#1633 = EDGE_CURVE('',#1499,#1169,#1634,.T.);
#1634 = LINE('',#1635,#1636);
#1635 = CARTESIAN_POINT('',(-3.12,2.125,1.545));
#1636 = VECTOR('',#1637,1.);
#1637 = DIRECTION('',(0.,0.,1.));
#1638 = ORIENTED_EDGE('',*,*,#1498,.T.);
#1639 = ORIENTED_EDGE('',*,*,#1640,.F.);
#1640 = EDGE_CURVE('',#1602,#1491,#1641,.T.);
#1641 = LINE('',#1642,#1643);
#1642 = CARTESIAN_POINT('',(-3.12,-2.105,0.));
#1643 = VECTOR('',#1644,1.);
#1644 = DIRECTION('',(0.,0.,1.));
#1645 = ORIENTED_EDGE('',*,*,#1601,.F.);
#1646 = ORIENTED_EDGE('',*,*,#285,.T.);
#1647 = PLANE('',#1648);
#1648 = AXIS2_PLACEMENT_3D('',#1649,#1650,#1651);
#1649 = CARTESIAN_POINT('',(-3.12,-2.105,0.));
#1650 = DIRECTION('',(-1.,0.,0.));
#1651 = DIRECTION('',(0.,0.,1.));
#1652 = ADVANCED_FACE('',(#1653),#1673,.F.);
#1653 = FACE_BOUND('',#1654,.T.);
#1654 = EDGE_LOOP('',(#1655,#1656,#1657,#1658,#1666,#1672));
#1655 = ORIENTED_EDGE('',*,*,#1633,.T.);
#1656 = ORIENTED_EDGE('',*,*,#1168,.T.);
#1657 = ORIENTED_EDGE('',*,*,#400,.F.);
#1658 = ORIENTED_EDGE('',*,*,#1659,.T.);
#1659 = EDGE_CURVE('',#393,#1660,#1662,.T.);
#1660 = VERTEX_POINT('',#1661);
#1661 = CARTESIAN_POINT('',(-3.1,2.125,0.));
#1662 = LINE('',#1663,#1664);
#1663 = CARTESIAN_POINT('',(-3.5,2.125,0.));
#1664 = VECTOR('',#1665,1.);
#1665 = DIRECTION('',(-1.,0.,0.));
#1666 = ORIENTED_EDGE('',*,*,#1667,.T.);
#1667 = EDGE_CURVE('',#1660,#1507,#1668,.T.);
#1668 = LINE('',#1669,#1670);
#1669 = CARTESIAN_POINT('',(-3.1,2.125,3.09));
#1670 = VECTOR('',#1671,1.);
#1671 = DIRECTION('',(0.,0.,1.));
#1672 = ORIENTED_EDGE('',*,*,#1506,.T.);
#1673 = PLANE('',#1674);
#1674 = AXIS2_PLACEMENT_3D('',#1675,#1676,#1677);
#1675 = CARTESIAN_POINT('',(-3.5,2.125,3.09));
#1676 = DIRECTION('',(0.,-1.,0.));
#1677 = DIRECTION('',(0.,0.,-1.));
#1678 = ADVANCED_FACE('',(#1679),#1740,.F.);
#1679 = FACE_BOUND('',#1680,.T.);
#1680 = EDGE_LOOP('',(#1681,#1682,#1688,#1689,#1690,#1691,#1692,#1693,
    #1694,#1695,#1696,#1697,#1698,#1699,#1700,#1708,#1716,#1724,#1730,
    #1731,#1732,#1733,#1734,#1735,#1736,#1737,#1738,#1739));
#1681 = ORIENTED_EDGE('',*,*,#724,.T.);
#1682 = ORIENTED_EDGE('',*,*,#1683,.T.);
#1683 = EDGE_CURVE('',#717,#1015,#1684,.T.);
#1684 = LINE('',#1685,#1686);
#1685 = CARTESIAN_POINT('',(-3.5,1.825,2.09));
#1686 = VECTOR('',#1687,1.);
#1687 = DIRECTION('',(-1.,0.,0.));
#1688 = ORIENTED_EDGE('',*,*,#1014,.T.);
#1689 = ORIENTED_EDGE('',*,*,#1292,.T.);
#1690 = ORIENTED_EDGE('',*,*,#570,.T.);
#1691 = ORIENTED_EDGE('',*,*,#1259,.T.);
#1692 = ORIENTED_EDGE('',*,*,#1095,.T.);
#1693 = ORIENTED_EDGE('',*,*,#1333,.T.);
#1694 = ORIENTED_EDGE('',*,*,#416,.T.);
#1695 = ORIENTED_EDGE('',*,*,#1184,.T.);
#1696 = ORIENTED_EDGE('',*,*,#1626,.T.);
#1697 = ORIENTED_EDGE('',*,*,#110,.T.);
#1698 = ORIENTED_EDGE('',*,*,#270,.T.);
#1699 = ORIENTED_EDGE('',*,*,#1481,.F.);
#1700 = ORIENTED_EDGE('',*,*,#1701,.F.);
#1701 = EDGE_CURVE('',#1702,#1482,#1704,.T.);
#1702 = VERTEX_POINT('',#1703);
#1703 = CARTESIAN_POINT('',(-3.5,1.825,3.09));
#1704 = LINE('',#1705,#1706);
#1705 = CARTESIAN_POINT('',(-3.5,1.825,3.09));
#1706 = VECTOR('',#1707,1.);
#1707 = DIRECTION('',(0.,0.,-1.));
#1708 = ORIENTED_EDGE('',*,*,#1709,.F.);
#1709 = EDGE_CURVE('',#1710,#1702,#1712,.T.);
#1710 = VERTEX_POINT('',#1711);
#1711 = CARTESIAN_POINT('',(3.5,1.825,3.09));
#1712 = LINE('',#1713,#1714);
#1713 = CARTESIAN_POINT('',(1.75,1.825,3.09));
#1714 = VECTOR('',#1715,1.);
#1715 = DIRECTION('',(-1.,0.,0.));
#1716 = ORIENTED_EDGE('',*,*,#1717,.F.);
#1717 = EDGE_CURVE('',#1718,#1710,#1720,.T.);
#1718 = VERTEX_POINT('',#1719);
#1719 = CARTESIAN_POINT('',(3.5,1.825,0.399999936819));
#1720 = LINE('',#1721,#1722);
#1721 = CARTESIAN_POINT('',(3.5,1.825,3.09));
#1722 = VECTOR('',#1723,1.);
#1723 = DIRECTION('',(0.,0.,1.));
#1724 = ORIENTED_EDGE('',*,*,#1725,.F.);
#1725 = EDGE_CURVE('',#1570,#1718,#1726,.T.);
#1726 = LINE('',#1727,#1728);
#1727 = CARTESIAN_POINT('',(3.5,1.825,0.4));
#1728 = VECTOR('',#1729,1.);
#1729 = DIRECTION('',(1.,0.,0.));
#1730 = ORIENTED_EDGE('',*,*,#1569,.T.);
#1731 = ORIENTED_EDGE('',*,*,#70,.T.);
#1732 = ORIENTED_EDGE('',*,*,#199,.T.);
#1733 = ORIENTED_EDGE('',*,*,#1230,.T.);
#1734 = ORIENTED_EDGE('',*,*,#852,.T.);
#1735 = ORIENTED_EDGE('',*,*,#1316,.T.);
#1736 = ORIENTED_EDGE('',*,*,#1432,.T.);
#1737 = ORIENTED_EDGE('',*,*,#1199,.T.);
#1738 = ORIENTED_EDGE('',*,*,#933,.T.);
#1739 = ORIENTED_EDGE('',*,*,#1275,.T.);
#1740 = PLANE('',#1741);
#1741 = AXIS2_PLACEMENT_3D('',#1742,#1743,#1744);
#1742 = CARTESIAN_POINT('',(3.5,1.825,3.09));
#1743 = DIRECTION('',(0.,-1.,0.));
#1744 = DIRECTION('',(-1.,0.,0.));
#1745 = ADVANCED_FACE('',(#1746),#1757,.F.);
#1746 = FACE_BOUND('',#1747,.T.);
#1747 = EDGE_LOOP('',(#1748,#1749,#1755,#1756));
#1748 = ORIENTED_EDGE('',*,*,#716,.T.);
#1749 = ORIENTED_EDGE('',*,*,#1750,.F.);
#1750 = EDGE_CURVE('',#1023,#709,#1751,.T.);
#1751 = LINE('',#1752,#1753);
#1752 = CARTESIAN_POINT('',(-1.75,2.125,2.09));
#1753 = VECTOR('',#1754,1.);
#1754 = DIRECTION('',(1.,0.,0.));
#1755 = ORIENTED_EDGE('',*,*,#1022,.T.);
#1756 = ORIENTED_EDGE('',*,*,#1683,.F.);
#1757 = PLANE('',#1758);
#1758 = AXIS2_PLACEMENT_3D('',#1759,#1760,#1761);
#1759 = CARTESIAN_POINT('',(0.,0.,2.09));
#1760 = DIRECTION('',(0.,0.,-1.));
#1761 = DIRECTION('',(-1.,0.,0.));
#1762 = ADVANCED_FACE('',(#1763),#1774,.F.);
#1763 = FACE_BOUND('',#1764,.T.);
#1764 = EDGE_LOOP('',(#1765,#1766,#1767,#1773));
#1765 = ORIENTED_EDGE('',*,*,#1215,.T.);
#1766 = ORIENTED_EDGE('',*,*,#1425,.F.);
#1767 = ORIENTED_EDGE('',*,*,#1768,.T.);
#1768 = EDGE_CURVE('',#1418,#950,#1769,.T.);
#1769 = LINE('',#1770,#1771);
#1770 = CARTESIAN_POINT('',(-3.5,2.125,0.));
#1771 = VECTOR('',#1772,1.);
#1772 = DIRECTION('',(-1.,0.,0.));
#1773 = ORIENTED_EDGE('',*,*,#949,.F.);
#1774 = PLANE('',#1775);
#1775 = AXIS2_PLACEMENT_3D('',#1776,#1777,#1778);
#1776 = CARTESIAN_POINT('',(-3.5,2.125,3.09));
#1777 = DIRECTION('',(0.,-1.,0.));
#1778 = DIRECTION('',(0.,0.,-1.));
#1779 = ADVANCED_FACE('',(#1780),#1807,.F.);
#1780 = FACE_BOUND('',#1781,.T.);
#1781 = EDGE_LOOP('',(#1782,#1783,#1791,#1799,#1805,#1806));
#1782 = ORIENTED_EDGE('',*,*,#183,.T.);
#1783 = ORIENTED_EDGE('',*,*,#1784,.T.);
#1784 = EDGE_CURVE('',#176,#1785,#1787,.T.);
#1785 = VERTEX_POINT('',#1786);
#1786 = CARTESIAN_POINT('',(3.1,2.125,0.4));
#1787 = LINE('',#1788,#1789);
#1788 = CARTESIAN_POINT('',(-3.5,2.125,0.4));
#1789 = VECTOR('',#1790,1.);
#1790 = DIRECTION('',(-1.,0.,0.));
#1791 = ORIENTED_EDGE('',*,*,#1792,.T.);
#1792 = EDGE_CURVE('',#1785,#1793,#1795,.T.);
#1793 = VERTEX_POINT('',#1794);
#1794 = CARTESIAN_POINT('',(3.1,2.125,0.));
#1795 = LINE('',#1796,#1797);
#1796 = CARTESIAN_POINT('',(3.1,2.125,3.09));
#1797 = VECTOR('',#1798,1.);
#1798 = DIRECTION('',(0.,0.,-1.));
#1799 = ORIENTED_EDGE('',*,*,#1800,.T.);
#1800 = EDGE_CURVE('',#1793,#869,#1801,.T.);
#1801 = LINE('',#1802,#1803);
#1802 = CARTESIAN_POINT('',(-3.5,2.125,0.));
#1803 = VECTOR('',#1804,1.);
#1804 = DIRECTION('',(-1.,0.,0.));
#1805 = ORIENTED_EDGE('',*,*,#868,.F.);
#1806 = ORIENTED_EDGE('',*,*,#1237,.T.);
#1807 = PLANE('',#1808);
#1808 = AXIS2_PLACEMENT_3D('',#1809,#1810,#1811);
#1809 = CARTESIAN_POINT('',(-3.5,2.125,3.09));
#1810 = DIRECTION('',(0.,-1.,0.));
#1811 = DIRECTION('',(0.,0.,-1.));
#1812 = ADVANCED_FACE('',(#1813),#1824,.F.);
#1813 = FACE_BOUND('',#1814,.T.);
#1814 = EDGE_LOOP('',(#1815,#1816,#1817,#1823));
#1815 = ORIENTED_EDGE('',*,*,#1252,.T.);
#1816 = ORIENTED_EDGE('',*,*,#554,.F.);
#1817 = ORIENTED_EDGE('',*,*,#1818,.T.);
#1818 = EDGE_CURVE('',#547,#1112,#1819,.T.);
#1819 = LINE('',#1820,#1821);
#1820 = CARTESIAN_POINT('',(-3.5,2.125,0.));
#1821 = VECTOR('',#1822,1.);
#1822 = DIRECTION('',(-1.,0.,0.));
#1823 = ORIENTED_EDGE('',*,*,#1111,.F.);
#1824 = PLANE('',#1825);
#1825 = AXIS2_PLACEMENT_3D('',#1826,#1827,#1828);
#1826 = CARTESIAN_POINT('',(-3.5,2.125,3.09));
#1827 = DIRECTION('',(0.,-1.,0.));
#1828 = DIRECTION('',(0.,0.,-1.));
#1829 = ADVANCED_FACE('',(#1830),#1841,.F.);
#1830 = FACE_BOUND('',#1831,.T.);
#1831 = EDGE_LOOP('',(#1832,#1833,#1834,#1840));
#1832 = ORIENTED_EDGE('',*,*,#1750,.T.);
#1833 = ORIENTED_EDGE('',*,*,#708,.F.);
#1834 = ORIENTED_EDGE('',*,*,#1835,.T.);
#1835 = EDGE_CURVE('',#701,#1031,#1836,.T.);
#1836 = LINE('',#1837,#1838);
#1837 = CARTESIAN_POINT('',(-3.5,2.125,0.));
#1838 = VECTOR('',#1839,1.);
#1839 = DIRECTION('',(-1.,0.,0.));
#1840 = ORIENTED_EDGE('',*,*,#1030,.F.);
#1841 = PLANE('',#1842);
#1842 = AXIS2_PLACEMENT_3D('',#1843,#1844,#1845);
#1843 = CARTESIAN_POINT('',(-3.5,2.125,3.09));
#1844 = DIRECTION('',(0.,-1.,0.));
#1845 = DIRECTION('',(0.,0.,-1.));
#1846 = ADVANCED_FACE('',(#1847),#1872,.F.);
#1847 = FACE_BOUND('',#1848,.T.);
#1848 = EDGE_LOOP('',(#1849,#1850,#1858,#1866));
#1849 = ORIENTED_EDGE('',*,*,#1717,.T.);
#1850 = ORIENTED_EDGE('',*,*,#1851,.F.);
#1851 = EDGE_CURVE('',#1852,#1710,#1854,.T.);
#1852 = VERTEX_POINT('',#1853);
#1853 = CARTESIAN_POINT('',(3.5,-2.125,3.09));
#1854 = LINE('',#1855,#1856);
#1855 = CARTESIAN_POINT('',(3.5,-2.125,3.09));
#1856 = VECTOR('',#1857,1.);
#1857 = DIRECTION('',(0.,1.,0.));
#1858 = ORIENTED_EDGE('',*,*,#1859,.T.);
#1859 = EDGE_CURVE('',#1852,#1860,#1862,.T.);
#1860 = VERTEX_POINT('',#1861);
#1861 = CARTESIAN_POINT('',(3.5,-2.125,0.4));
#1862 = LINE('',#1863,#1864);
#1863 = CARTESIAN_POINT('',(3.5,-2.125,3.09));
#1864 = VECTOR('',#1865,1.);
#1865 = DIRECTION('',(0.,0.,-1.));
#1866 = ORIENTED_EDGE('',*,*,#1867,.F.);
#1867 = EDGE_CURVE('',#1718,#1860,#1868,.T.);
#1868 = LINE('',#1869,#1870);
#1869 = CARTESIAN_POINT('',(3.5,1.575,0.4));
#1870 = VECTOR('',#1871,1.);
#1871 = DIRECTION('',(0.,-1.,0.));
#1872 = PLANE('',#1873);
#1873 = AXIS2_PLACEMENT_3D('',#1874,#1875,#1876);
#1874 = CARTESIAN_POINT('',(3.5,-2.125,3.09));
#1875 = DIRECTION('',(-1.,0.,0.));
#1876 = DIRECTION('',(0.,0.,1.));
#1877 = ADVANCED_FACE('',(#1878),#1914,.T.);
#1878 = FACE_BOUND('',#1879,.T.);
#1879 = EDGE_LOOP('',(#1880,#1891,#1899,#1908));
#1880 = ORIENTED_EDGE('',*,*,#1881,.T.);
#1881 = EDGE_CURVE('',#1882,#1884,#1886,.T.);
#1882 = VERTEX_POINT('',#1883);
#1883 = CARTESIAN_POINT('',(3.,-2.125,1.25));
#1884 = VERTEX_POINT('',#1885);
#1885 = CARTESIAN_POINT('',(3.05,-2.125,1.3));
#1886 = CIRCLE('',#1887,5.E-02);
#1887 = AXIS2_PLACEMENT_3D('',#1888,#1889,#1890);
#1888 = CARTESIAN_POINT('',(3.05,-2.125,1.25));
#1889 = DIRECTION('',(0.,1.,0.));
#1890 = DIRECTION('',(-0.707106781187,0.,0.707106781187));
#1891 = ORIENTED_EDGE('',*,*,#1892,.T.);
#1892 = EDGE_CURVE('',#1884,#1893,#1895,.T.);
#1893 = VERTEX_POINT('',#1894);
#1894 = CARTESIAN_POINT('',(3.05,1.575,1.3));
#1895 = LINE('',#1896,#1897);
#1896 = CARTESIAN_POINT('',(3.05,1.575,1.3));
#1897 = VECTOR('',#1898,1.);
#1898 = DIRECTION('',(0.,1.,0.));
#1899 = ORIENTED_EDGE('',*,*,#1900,.F.);
#1900 = EDGE_CURVE('',#1901,#1893,#1903,.T.);
#1901 = VERTEX_POINT('',#1902);
#1902 = CARTESIAN_POINT('',(3.,1.575,1.25));
#1903 = CIRCLE('',#1904,5.E-02);
#1904 = AXIS2_PLACEMENT_3D('',#1905,#1906,#1907);
#1905 = CARTESIAN_POINT('',(3.05,1.575,1.25));
#1906 = DIRECTION('',(0.,1.,0.));
#1907 = DIRECTION('',(-0.707106781187,0.,0.707106781187));
#1908 = ORIENTED_EDGE('',*,*,#1909,.T.);
#1909 = EDGE_CURVE('',#1901,#1882,#1910,.T.);
#1910 = LINE('',#1911,#1912);
#1911 = CARTESIAN_POINT('',(3.,1.575,1.25));
#1912 = VECTOR('',#1913,1.);
#1913 = DIRECTION('',(0.,-1.,0.));
#1914 = CYLINDRICAL_SURFACE('',#1915,5.E-02);
#1915 = AXIS2_PLACEMENT_3D('',#1916,#1917,#1918);
#1916 = CARTESIAN_POINT('',(3.05,1.575,1.25));
#1917 = DIRECTION('',(0.,-1.,0.));
#1918 = DIRECTION('',(-0.707106781187,0.,0.707106781187));
#1919 = ADVANCED_FACE('',(#1920),#1945,.F.);
#1920 = FACE_BOUND('',#1921,.T.);
#1921 = EDGE_LOOP('',(#1922,#1923,#1931,#1939));
#1922 = ORIENTED_EDGE('',*,*,#1892,.F.);
#1923 = ORIENTED_EDGE('',*,*,#1924,.T.);
#1924 = EDGE_CURVE('',#1884,#1925,#1927,.T.);
#1925 = VERTEX_POINT('',#1926);
#1926 = CARTESIAN_POINT('',(3.15,-2.125,1.3));
#1927 = LINE('',#1928,#1929);
#1928 = CARTESIAN_POINT('',(3.2,-2.125,1.3));
#1929 = VECTOR('',#1930,1.);
#1930 = DIRECTION('',(1.,0.,0.));
#1931 = ORIENTED_EDGE('',*,*,#1932,.F.);
#1932 = EDGE_CURVE('',#1933,#1925,#1935,.T.);
#1933 = VERTEX_POINT('',#1934);
#1934 = CARTESIAN_POINT('',(3.15,1.575,1.3));
#1935 = LINE('',#1936,#1937);
#1936 = CARTESIAN_POINT('',(3.15,1.575,1.3));
#1937 = VECTOR('',#1938,1.);
#1938 = DIRECTION('',(0.,-1.,0.));
#1939 = ORIENTED_EDGE('',*,*,#1940,.F.);
#1940 = EDGE_CURVE('',#1893,#1933,#1941,.T.);
#1941 = LINE('',#1942,#1943);
#1942 = CARTESIAN_POINT('',(3.2,1.575,1.3));
#1943 = VECTOR('',#1944,1.);
#1944 = DIRECTION('',(1.,0.,0.));
#1945 = PLANE('',#1946);
#1946 = AXIS2_PLACEMENT_3D('',#1947,#1948,#1949);
#1947 = CARTESIAN_POINT('',(3.2,1.575,1.3));
#1948 = DIRECTION('',(0.,0.,-1.));
#1949 = DIRECTION('',(-1.,0.,0.));
#1950 = ADVANCED_FACE('',(#1951,#1999),#2152,.F.);
#1951 = FACE_BOUND('',#1952,.T.);
#1952 = EDGE_LOOP('',(#1953,#1961,#1962,#1970,#1978,#1986,#1992,#1993));
#1953 = ORIENTED_EDGE('',*,*,#1954,.T.);
#1954 = EDGE_CURVE('',#1955,#1523,#1957,.T.);
#1955 = VERTEX_POINT('',#1956);
#1956 = CARTESIAN_POINT('',(-3.5,-2.125,3.09));
#1957 = LINE('',#1958,#1959);
#1958 = CARTESIAN_POINT('',(-3.5,-2.125,3.09));
#1959 = VECTOR('',#1960,1.);
#1960 = DIRECTION('',(0.,0.,-1.));
#1961 = ORIENTED_EDGE('',*,*,#1522,.F.);
#1962 = ORIENTED_EDGE('',*,*,#1963,.F.);
#1963 = EDGE_CURVE('',#1964,#1515,#1966,.T.);
#1964 = VERTEX_POINT('',#1965);
#1965 = CARTESIAN_POINT('',(-3.1,-2.125,0.));
#1966 = LINE('',#1967,#1968);
#1967 = CARTESIAN_POINT('',(-3.1,-2.125,0.));
#1968 = VECTOR('',#1969,1.);
#1969 = DIRECTION('',(0.,0.,1.));
#1970 = ORIENTED_EDGE('',*,*,#1971,.T.);
#1971 = EDGE_CURVE('',#1964,#1972,#1974,.T.);
#1972 = VERTEX_POINT('',#1973);
#1973 = CARTESIAN_POINT('',(3.1,-2.125,0.));
#1974 = LINE('',#1975,#1976);
#1975 = CARTESIAN_POINT('',(-3.5,-2.125,0.));
#1976 = VECTOR('',#1977,1.);
#1977 = DIRECTION('',(1.,0.,0.));
#1978 = ORIENTED_EDGE('',*,*,#1979,.F.);
#1979 = EDGE_CURVE('',#1980,#1972,#1982,.T.);
#1980 = VERTEX_POINT('',#1981);
#1981 = CARTESIAN_POINT('',(3.1,-2.125,0.4));
#1982 = LINE('',#1983,#1984);
#1983 = CARTESIAN_POINT('',(3.1,-2.125,0.));
#1984 = VECTOR('',#1985,1.);
#1985 = DIRECTION('',(0.,0.,-1.));
#1986 = ORIENTED_EDGE('',*,*,#1987,.F.);
#1987 = EDGE_CURVE('',#1860,#1980,#1988,.T.);
#1988 = LINE('',#1989,#1990);
#1989 = CARTESIAN_POINT('',(3.5,-2.125,0.4));
#1990 = VECTOR('',#1991,1.);
#1991 = DIRECTION('',(-1.,0.,0.));
#1992 = ORIENTED_EDGE('',*,*,#1859,.F.);
#1993 = ORIENTED_EDGE('',*,*,#1994,.F.);
#1994 = EDGE_CURVE('',#1955,#1852,#1995,.T.);
#1995 = LINE('',#1996,#1997);
#1996 = CARTESIAN_POINT('',(-3.5,-2.125,3.09));
#1997 = VECTOR('',#1998,1.);
#1998 = DIRECTION('',(1.,0.,0.));
#1999 = FACE_BOUND('',#2000,.T.);
#2000 = EDGE_LOOP('',(#2001,#2002,#2010,#2018,#2026,#2035,#2043,#2052,
    #2060,#2069,#2077,#2086,#2094,#2102,#2110,#2119,#2127,#2136,#2144,
    #2151));
#2001 = ORIENTED_EDGE('',*,*,#1881,.F.);
#2002 = ORIENTED_EDGE('',*,*,#2003,.F.);
#2003 = EDGE_CURVE('',#2004,#1882,#2006,.T.);
#2004 = VERTEX_POINT('',#2005);
#2005 = CARTESIAN_POINT('',(3.,-2.125,0.3));
#2006 = LINE('',#2007,#2008);
#2007 = CARTESIAN_POINT('',(3.,-2.125,0.3));
#2008 = VECTOR('',#2009,1.);
#2009 = DIRECTION('',(-8.673617379884E-16,0.,1.));
#2010 = ORIENTED_EDGE('',*,*,#2011,.F.);
#2011 = EDGE_CURVE('',#2012,#2004,#2014,.T.);
#2012 = VERTEX_POINT('',#2013);
#2013 = CARTESIAN_POINT('',(-3.,-2.125,0.3));
#2014 = LINE('',#2015,#2016);
#2015 = CARTESIAN_POINT('',(-3.,-2.125,0.3));
#2016 = VECTOR('',#2017,1.);
#2017 = DIRECTION('',(1.,0.,1.264902534566E-16));
#2018 = ORIENTED_EDGE('',*,*,#2019,.F.);
#2019 = EDGE_CURVE('',#2020,#2012,#2022,.T.);
#2020 = VERTEX_POINT('',#2021);
#2021 = CARTESIAN_POINT('',(-3.,-2.125,1.25));
#2022 = LINE('',#2023,#2024);
#2023 = CARTESIAN_POINT('',(-3.,-2.125,0.3));
#2024 = VECTOR('',#2025,1.);
#2025 = DIRECTION('',(0.,0.,-1.));
#2026 = ORIENTED_EDGE('',*,*,#2027,.F.);
#2027 = EDGE_CURVE('',#2028,#2020,#2030,.T.);
#2028 = VERTEX_POINT('',#2029);
#2029 = CARTESIAN_POINT('',(-3.05,-2.125,1.3));
#2030 = CIRCLE('',#2031,5.E-02);
#2031 = AXIS2_PLACEMENT_3D('',#2032,#2033,#2034);
#2032 = CARTESIAN_POINT('',(-3.05,-2.125,1.25));
#2033 = DIRECTION('',(0.,1.,0.));
#2034 = DIRECTION('',(0.707106781187,-0.,0.707106781187));
#2035 = ORIENTED_EDGE('',*,*,#2036,.F.);
#2036 = EDGE_CURVE('',#2037,#2028,#2039,.T.);
#2037 = VERTEX_POINT('',#2038);
#2038 = CARTESIAN_POINT('',(-3.15,-2.125,1.3));
#2039 = LINE('',#2040,#2041);
#2040 = CARTESIAN_POINT('',(-3.,-2.125,1.3));
#2041 = VECTOR('',#2042,1.);
#2042 = DIRECTION('',(1.,0.,0.));
#2043 = ORIENTED_EDGE('',*,*,#2044,.F.);
#2044 = EDGE_CURVE('',#2045,#2037,#2047,.T.);
#2045 = VERTEX_POINT('',#2046);
#2046 = CARTESIAN_POINT('',(-3.2,-2.125,1.35));
#2047 = CIRCLE('',#2048,5.E-02);
#2048 = AXIS2_PLACEMENT_3D('',#2049,#2050,#2051);
#2049 = CARTESIAN_POINT('',(-3.15,-2.125,1.35));
#2050 = DIRECTION('',(0.,-1.,0.));
#2051 = DIRECTION('',(-0.707106781187,-0.,-0.707106781187));
#2052 = ORIENTED_EDGE('',*,*,#2053,.F.);
#2053 = EDGE_CURVE('',#2054,#2045,#2056,.T.);
#2054 = VERTEX_POINT('',#2055);
#2055 = CARTESIAN_POINT('',(-3.2,-2.125,1.745));
#2056 = LINE('',#2057,#2058);
#2057 = CARTESIAN_POINT('',(-3.2,-2.125,1.545));
#2058 = VECTOR('',#2059,1.);
#2059 = DIRECTION('',(0.,0.,-1.));
#2060 = ORIENTED_EDGE('',*,*,#2061,.F.);
#2061 = EDGE_CURVE('',#2062,#2054,#2064,.T.);
#2062 = VERTEX_POINT('',#2063);
#2063 = CARTESIAN_POINT('',(-3.15,-2.125,1.795));
#2064 = CIRCLE('',#2065,5.E-02);
#2065 = AXIS2_PLACEMENT_3D('',#2066,#2067,#2068);
#2066 = CARTESIAN_POINT('',(-3.15,-2.125,1.745));
#2067 = DIRECTION('',(0.,-1.,0.));
#2068 = DIRECTION('',(-0.707106781187,0.,0.707106781187));
#2069 = ORIENTED_EDGE('',*,*,#2070,.F.);
#2070 = EDGE_CURVE('',#2071,#2062,#2073,.T.);
#2071 = VERTEX_POINT('',#2072);
#2072 = CARTESIAN_POINT('',(-3.05,-2.125,1.795));
#2073 = LINE('',#2074,#2075);
#2074 = CARTESIAN_POINT('',(-3.,-2.125,1.795));
#2075 = VECTOR('',#2076,1.);
#2076 = DIRECTION('',(-1.,0.,0.));
#2077 = ORIENTED_EDGE('',*,*,#2078,.F.);
#2078 = EDGE_CURVE('',#2079,#2071,#2081,.T.);
#2079 = VERTEX_POINT('',#2080);
#2080 = CARTESIAN_POINT('',(-3.,-2.125,1.845));
#2081 = CIRCLE('',#2082,5.E-02);
#2082 = AXIS2_PLACEMENT_3D('',#2083,#2084,#2085);
#2083 = CARTESIAN_POINT('',(-3.05,-2.125,1.845));
#2084 = DIRECTION('',(0.,1.,0.));
#2085 = DIRECTION('',(0.707106781187,0.,-0.707106781187));
#2086 = ORIENTED_EDGE('',*,*,#2087,.F.);
#2087 = EDGE_CURVE('',#2088,#2079,#2090,.T.);
#2088 = VERTEX_POINT('',#2089);
#2089 = CARTESIAN_POINT('',(-3.,-2.125,2.79));
#2090 = LINE('',#2091,#2092);
#2091 = CARTESIAN_POINT('',(-3.,-2.125,1.795));
#2092 = VECTOR('',#2093,1.);
#2093 = DIRECTION('',(8.717203396868E-16,0.,-1.));
#2094 = ORIENTED_EDGE('',*,*,#2095,.F.);
#2095 = EDGE_CURVE('',#2096,#2088,#2098,.T.);
#2096 = VERTEX_POINT('',#2097);
#2097 = CARTESIAN_POINT('',(3.,-2.125,2.79));
#2098 = LINE('',#2099,#2100);
#2099 = CARTESIAN_POINT('',(-3.,-2.125,2.79));
#2100 = VECTOR('',#2101,1.);
#2101 = DIRECTION('',(-1.,0.,-1.445602896647E-16));
#2102 = ORIENTED_EDGE('',*,*,#2103,.F.);
#2103 = EDGE_CURVE('',#2104,#2096,#2106,.T.);
#2104 = VERTEX_POINT('',#2105);
#2105 = CARTESIAN_POINT('',(3.,-2.125,1.845));
#2106 = LINE('',#2107,#2108);
#2107 = CARTESIAN_POINT('',(3.,-2.125,1.795));
#2108 = VECTOR('',#2109,1.);
#2109 = DIRECTION('',(8.717203396868E-16,0.,1.));
#2110 = ORIENTED_EDGE('',*,*,#2111,.F.);
#2111 = EDGE_CURVE('',#2112,#2104,#2114,.T.);
#2112 = VERTEX_POINT('',#2113);
#2113 = CARTESIAN_POINT('',(3.05,-2.125,1.795));
#2114 = CIRCLE('',#2115,5.E-02);
#2115 = AXIS2_PLACEMENT_3D('',#2116,#2117,#2118);
#2116 = CARTESIAN_POINT('',(3.05,-2.125,1.845));
#2117 = DIRECTION('',(0.,1.,0.));
#2118 = DIRECTION('',(-0.707106781187,0.,-0.707106781187));
#2119 = ORIENTED_EDGE('',*,*,#2120,.F.);
#2120 = EDGE_CURVE('',#2121,#2112,#2123,.T.);
#2121 = VERTEX_POINT('',#2122);
#2122 = CARTESIAN_POINT('',(3.15,-2.125,1.795));
#2123 = LINE('',#2124,#2125);
#2124 = CARTESIAN_POINT('',(3.2,-2.125,1.795));
#2125 = VECTOR('',#2126,1.);
#2126 = DIRECTION('',(-1.,0.,0.));
#2127 = ORIENTED_EDGE('',*,*,#2128,.F.);
#2128 = EDGE_CURVE('',#2129,#2121,#2131,.T.);
#2129 = VERTEX_POINT('',#2130);
#2130 = CARTESIAN_POINT('',(3.2,-2.125,1.745));
#2131 = CIRCLE('',#2132,5.E-02);
#2132 = AXIS2_PLACEMENT_3D('',#2133,#2134,#2135);
#2133 = CARTESIAN_POINT('',(3.15,-2.125,1.745));
#2134 = DIRECTION('',(0.,-1.,0.));
#2135 = DIRECTION('',(0.707106781187,0.,0.707106781187));
#2136 = ORIENTED_EDGE('',*,*,#2137,.F.);
#2137 = EDGE_CURVE('',#2138,#2129,#2140,.T.);
#2138 = VERTEX_POINT('',#2139);
#2139 = CARTESIAN_POINT('',(3.2,-2.125,1.35));
#2140 = LINE('',#2141,#2142);
#2141 = CARTESIAN_POINT('',(3.2,-2.125,1.795));
#2142 = VECTOR('',#2143,1.);
#2143 = DIRECTION('',(0.,0.,1.));
#2144 = ORIENTED_EDGE('',*,*,#2145,.F.);
#2145 = EDGE_CURVE('',#1925,#2138,#2146,.T.);
#2146 = CIRCLE('',#2147,5.E-02);
#2147 = AXIS2_PLACEMENT_3D('',#2148,#2149,#2150);
#2148 = CARTESIAN_POINT('',(3.15,-2.125,1.35));
#2149 = DIRECTION('',(0.,-1.,0.));
#2150 = DIRECTION('',(0.707106781187,0.,-0.707106781187));
#2151 = ORIENTED_EDGE('',*,*,#1924,.F.);
#2152 = PLANE('',#2153);
#2153 = AXIS2_PLACEMENT_3D('',#2154,#2155,#2156);
#2154 = CARTESIAN_POINT('',(-3.5,-2.125,3.09));
#2155 = DIRECTION('',(0.,1.,0.));
#2156 = DIRECTION('',(0.,-0.,1.));
#2157 = ADVANCED_FACE('',(#2158),#2177,.F.);
#2158 = FACE_BOUND('',#2159,.F.);
#2159 = EDGE_LOOP('',(#2160,#2168,#2169,#2170));
#2160 = ORIENTED_EDGE('',*,*,#2161,.F.);
#2161 = EDGE_CURVE('',#2138,#2162,#2164,.T.);
#2162 = VERTEX_POINT('',#2163);
#2163 = CARTESIAN_POINT('',(3.2,1.575,1.35));
#2164 = LINE('',#2165,#2166);
#2165 = CARTESIAN_POINT('',(3.2,1.575,1.35));
#2166 = VECTOR('',#2167,1.);
#2167 = DIRECTION('',(0.,1.,0.));
#2168 = ORIENTED_EDGE('',*,*,#2145,.F.);
#2169 = ORIENTED_EDGE('',*,*,#1932,.F.);
#2170 = ORIENTED_EDGE('',*,*,#2171,.T.);
#2171 = EDGE_CURVE('',#1933,#2162,#2172,.T.);
#2172 = CIRCLE('',#2173,5.E-02);
#2173 = AXIS2_PLACEMENT_3D('',#2174,#2175,#2176);
#2174 = CARTESIAN_POINT('',(3.15,1.575,1.35));
#2175 = DIRECTION('',(0.,-1.,0.));
#2176 = DIRECTION('',(0.707106781187,0.,-0.707106781187));
#2177 = CYLINDRICAL_SURFACE('',#2178,5.E-02);
#2178 = AXIS2_PLACEMENT_3D('',#2179,#2180,#2181);
#2179 = CARTESIAN_POINT('',(3.15,1.575,1.35));
#2180 = DIRECTION('',(0.,-1.,0.));
#2181 = DIRECTION('',(0.707106781187,0.,-0.707106781187));
#2182 = ADVANCED_FACE('',(#2183,#2328,#2362,#2396,#2430),#2464,.F.);
#2183 = FACE_BOUND('',#2184,.T.);
#2184 = EDGE_LOOP('',(#2185,#2186,#2194,#2203,#2211,#2220,#2228,#2236,
    #2244,#2253,#2261,#2270,#2278,#2287,#2295,#2304,#2312,#2320,#2326,
    #2327));
#2185 = ORIENTED_EDGE('',*,*,#2171,.T.);
#2186 = ORIENTED_EDGE('',*,*,#2187,.T.);
#2187 = EDGE_CURVE('',#2162,#2188,#2190,.T.);
#2188 = VERTEX_POINT('',#2189);
#2189 = CARTESIAN_POINT('',(3.2,1.575,1.745));
#2190 = LINE('',#2191,#2192);
#2191 = CARTESIAN_POINT('',(3.2,1.575,1.795));
#2192 = VECTOR('',#2193,1.);
#2193 = DIRECTION('',(0.,0.,1.));
#2194 = ORIENTED_EDGE('',*,*,#2195,.T.);
#2195 = EDGE_CURVE('',#2188,#2196,#2198,.T.);
#2196 = VERTEX_POINT('',#2197);
#2197 = CARTESIAN_POINT('',(3.15,1.575,1.795));
#2198 = CIRCLE('',#2199,5.E-02);
#2199 = AXIS2_PLACEMENT_3D('',#2200,#2201,#2202);
#2200 = CARTESIAN_POINT('',(3.15,1.575,1.745));
#2201 = DIRECTION('',(0.,-1.,0.));
#2202 = DIRECTION('',(0.707106781187,0.,0.707106781187));
#2203 = ORIENTED_EDGE('',*,*,#2204,.T.);
#2204 = EDGE_CURVE('',#2196,#2205,#2207,.T.);
#2205 = VERTEX_POINT('',#2206);
#2206 = CARTESIAN_POINT('',(3.05,1.575,1.795));
#2207 = LINE('',#2208,#2209);
#2208 = CARTESIAN_POINT('',(3.2,1.575,1.795));
#2209 = VECTOR('',#2210,1.);
#2210 = DIRECTION('',(-1.,0.,0.));
#2211 = ORIENTED_EDGE('',*,*,#2212,.T.);
#2212 = EDGE_CURVE('',#2205,#2213,#2215,.T.);
#2213 = VERTEX_POINT('',#2214);
#2214 = CARTESIAN_POINT('',(3.,1.575,1.845));
#2215 = CIRCLE('',#2216,5.E-02);
#2216 = AXIS2_PLACEMENT_3D('',#2217,#2218,#2219);
#2217 = CARTESIAN_POINT('',(3.05,1.575,1.845));
#2218 = DIRECTION('',(0.,1.,0.));
#2219 = DIRECTION('',(-0.707106781187,0.,-0.707106781187));
#2220 = ORIENTED_EDGE('',*,*,#2221,.T.);
#2221 = EDGE_CURVE('',#2213,#2222,#2224,.T.);
#2222 = VERTEX_POINT('',#2223);
#2223 = CARTESIAN_POINT('',(3.,1.575,2.79));
#2224 = LINE('',#2225,#2226);
#2225 = CARTESIAN_POINT('',(3.,1.575,1.795));
#2226 = VECTOR('',#2227,1.);
#2227 = DIRECTION('',(8.717203396868E-16,0.,1.));
#2228 = ORIENTED_EDGE('',*,*,#2229,.T.);
#2229 = EDGE_CURVE('',#2222,#2230,#2232,.T.);
#2230 = VERTEX_POINT('',#2231);
#2231 = CARTESIAN_POINT('',(-3.,1.575,2.79));
#2232 = LINE('',#2233,#2234);
#2233 = CARTESIAN_POINT('',(-3.,1.575,2.79));
#2234 = VECTOR('',#2235,1.);
#2235 = DIRECTION('',(-1.,0.,-1.445602896647E-16));
#2236 = ORIENTED_EDGE('',*,*,#2237,.T.);
#2237 = EDGE_CURVE('',#2230,#2238,#2240,.T.);
#2238 = VERTEX_POINT('',#2239);
#2239 = CARTESIAN_POINT('',(-3.,1.575,1.845));
#2240 = LINE('',#2241,#2242);
#2241 = CARTESIAN_POINT('',(-3.,1.575,1.795));
#2242 = VECTOR('',#2243,1.);
#2243 = DIRECTION('',(8.717203396868E-16,0.,-1.));
#2244 = ORIENTED_EDGE('',*,*,#2245,.T.);
#2245 = EDGE_CURVE('',#2238,#2246,#2248,.T.);
#2246 = VERTEX_POINT('',#2247);
#2247 = CARTESIAN_POINT('',(-3.05,1.575,1.795));
#2248 = CIRCLE('',#2249,5.E-02);
#2249 = AXIS2_PLACEMENT_3D('',#2250,#2251,#2252);
#2250 = CARTESIAN_POINT('',(-3.05,1.575,1.845));
#2251 = DIRECTION('',(0.,1.,0.));
#2252 = DIRECTION('',(0.707106781187,0.,-0.707106781187));
#2253 = ORIENTED_EDGE('',*,*,#2254,.T.);
#2254 = EDGE_CURVE('',#2246,#2255,#2257,.T.);
#2255 = VERTEX_POINT('',#2256);
#2256 = CARTESIAN_POINT('',(-3.15,1.575,1.795));
#2257 = LINE('',#2258,#2259);
#2258 = CARTESIAN_POINT('',(-3.,1.575,1.795));
#2259 = VECTOR('',#2260,1.);
#2260 = DIRECTION('',(-1.,0.,0.));
#2261 = ORIENTED_EDGE('',*,*,#2262,.T.);
#2262 = EDGE_CURVE('',#2255,#2263,#2265,.T.);
#2263 = VERTEX_POINT('',#2264);
#2264 = CARTESIAN_POINT('',(-3.2,1.575,1.745));
#2265 = CIRCLE('',#2266,5.E-02);
#2266 = AXIS2_PLACEMENT_3D('',#2267,#2268,#2269);
#2267 = CARTESIAN_POINT('',(-3.15,1.575,1.745));
#2268 = DIRECTION('',(0.,-1.,0.));
#2269 = DIRECTION('',(-0.707106781187,0.,0.707106781187));
#2270 = ORIENTED_EDGE('',*,*,#2271,.T.);
#2271 = EDGE_CURVE('',#2263,#2272,#2274,.T.);
#2272 = VERTEX_POINT('',#2273);
#2273 = CARTESIAN_POINT('',(-3.2,1.575,1.35));
#2274 = LINE('',#2275,#2276);
#2275 = CARTESIAN_POINT('',(-3.2,1.575,1.545));
#2276 = VECTOR('',#2277,1.);
#2277 = DIRECTION('',(0.,0.,-1.));
#2278 = ORIENTED_EDGE('',*,*,#2279,.T.);
#2279 = EDGE_CURVE('',#2272,#2280,#2282,.T.);
#2280 = VERTEX_POINT('',#2281);
#2281 = CARTESIAN_POINT('',(-3.15,1.575,1.3));
#2282 = CIRCLE('',#2283,5.E-02);
#2283 = AXIS2_PLACEMENT_3D('',#2284,#2285,#2286);
#2284 = CARTESIAN_POINT('',(-3.15,1.575,1.35));
#2285 = DIRECTION('',(0.,-1.,0.));
#2286 = DIRECTION('',(-0.707106781187,-0.,-0.707106781187));
#2287 = ORIENTED_EDGE('',*,*,#2288,.T.);
#2288 = EDGE_CURVE('',#2280,#2289,#2291,.T.);
#2289 = VERTEX_POINT('',#2290);
#2290 = CARTESIAN_POINT('',(-3.05,1.575,1.3));
#2291 = LINE('',#2292,#2293);
#2292 = CARTESIAN_POINT('',(-3.,1.575,1.3));
#2293 = VECTOR('',#2294,1.);
#2294 = DIRECTION('',(1.,0.,0.));
#2295 = ORIENTED_EDGE('',*,*,#2296,.T.);
#2296 = EDGE_CURVE('',#2289,#2297,#2299,.T.);
#2297 = VERTEX_POINT('',#2298);
#2298 = CARTESIAN_POINT('',(-3.,1.575,1.25));
#2299 = CIRCLE('',#2300,5.E-02);
#2300 = AXIS2_PLACEMENT_3D('',#2301,#2302,#2303);
#2301 = CARTESIAN_POINT('',(-3.05,1.575,1.25));
#2302 = DIRECTION('',(0.,1.,0.));
#2303 = DIRECTION('',(0.707106781187,-0.,0.707106781187));
#2304 = ORIENTED_EDGE('',*,*,#2305,.T.);
#2305 = EDGE_CURVE('',#2297,#2306,#2308,.T.);
#2306 = VERTEX_POINT('',#2307);
#2307 = CARTESIAN_POINT('',(-3.,1.575,0.3));
#2308 = LINE('',#2309,#2310);
#2309 = CARTESIAN_POINT('',(-3.,1.575,0.3));
#2310 = VECTOR('',#2311,1.);
#2311 = DIRECTION('',(0.,0.,-1.));
#2312 = ORIENTED_EDGE('',*,*,#2313,.T.);
#2313 = EDGE_CURVE('',#2306,#2314,#2316,.T.);
#2314 = VERTEX_POINT('',#2315);
#2315 = CARTESIAN_POINT('',(3.,1.575,0.3));
#2316 = LINE('',#2317,#2318);
#2317 = CARTESIAN_POINT('',(-3.,1.575,0.3));
#2318 = VECTOR('',#2319,1.);
#2319 = DIRECTION('',(1.,0.,1.264902534566E-16));
#2320 = ORIENTED_EDGE('',*,*,#2321,.T.);
#2321 = EDGE_CURVE('',#2314,#1901,#2322,.T.);
#2322 = LINE('',#2323,#2324);
#2323 = CARTESIAN_POINT('',(3.,1.575,0.3));
#2324 = VECTOR('',#2325,1.);
#2325 = DIRECTION('',(-8.673617379884E-16,0.,1.));
#2326 = ORIENTED_EDGE('',*,*,#1900,.T.);
#2327 = ORIENTED_EDGE('',*,*,#1940,.T.);
#2328 = FACE_BOUND('',#2329,.T.);
#2329 = EDGE_LOOP('',(#2330,#2340,#2348,#2356));
#2330 = ORIENTED_EDGE('',*,*,#2331,.F.);
#2331 = EDGE_CURVE('',#2332,#2334,#2336,.T.);
#2332 = VERTEX_POINT('',#2333);
#2333 = CARTESIAN_POINT('',(-1.4,1.575,1.4475));
#2334 = VERTEX_POINT('',#2335);
#2335 = CARTESIAN_POINT('',(-1.4,1.575,1.6475));
#2336 = LINE('',#2337,#2338);
#2337 = CARTESIAN_POINT('',(-1.4,1.575,1.4475));
#2338 = VECTOR('',#2339,1.);
#2339 = DIRECTION('',(0.,0.,1.));
#2340 = ORIENTED_EDGE('',*,*,#2341,.F.);
#2341 = EDGE_CURVE('',#2342,#2332,#2344,.T.);
#2342 = VERTEX_POINT('',#2343);
#2343 = CARTESIAN_POINT('',(-1.6,1.575,1.4475));
#2344 = LINE('',#2345,#2346);
#2345 = CARTESIAN_POINT('',(-1.6,1.575,1.4475));
#2346 = VECTOR('',#2347,1.);
#2347 = DIRECTION('',(1.,0.,0.));
#2348 = ORIENTED_EDGE('',*,*,#2349,.F.);
#2349 = EDGE_CURVE('',#2350,#2342,#2352,.T.);
#2350 = VERTEX_POINT('',#2351);
#2351 = CARTESIAN_POINT('',(-1.6,1.575,1.6475));
#2352 = LINE('',#2353,#2354);
#2353 = CARTESIAN_POINT('',(-1.6,1.575,1.4475));
#2354 = VECTOR('',#2355,1.);
#2355 = DIRECTION('',(0.,0.,-1.));
#2356 = ORIENTED_EDGE('',*,*,#2357,.F.);
#2357 = EDGE_CURVE('',#2334,#2350,#2358,.T.);
#2358 = LINE('',#2359,#2360);
#2359 = CARTESIAN_POINT('',(-1.6,1.575,1.6475));
#2360 = VECTOR('',#2361,1.);
#2361 = DIRECTION('',(-1.,0.,0.));
#2362 = FACE_BOUND('',#2363,.T.);
#2363 = EDGE_LOOP('',(#2364,#2374,#2382,#2390));
#2364 = ORIENTED_EDGE('',*,*,#2365,.F.);
#2365 = EDGE_CURVE('',#2366,#2368,#2370,.T.);
#2366 = VERTEX_POINT('',#2367);
#2367 = CARTESIAN_POINT('',(1.6,1.575,1.4475));
#2368 = VERTEX_POINT('',#2369);
#2369 = CARTESIAN_POINT('',(1.6,1.575,1.6475));
#2370 = LINE('',#2371,#2372);
#2371 = CARTESIAN_POINT('',(1.6,1.575,1.4475));
#2372 = VECTOR('',#2373,1.);
#2373 = DIRECTION('',(0.,0.,1.));
#2374 = ORIENTED_EDGE('',*,*,#2375,.F.);
#2375 = EDGE_CURVE('',#2376,#2366,#2378,.T.);
#2376 = VERTEX_POINT('',#2377);
#2377 = CARTESIAN_POINT('',(1.4,1.575,1.4475));
#2378 = LINE('',#2379,#2380);
#2379 = CARTESIAN_POINT('',(1.4,1.575,1.4475));
#2380 = VECTOR('',#2381,1.);
#2381 = DIRECTION('',(1.,0.,0.));
#2382 = ORIENTED_EDGE('',*,*,#2383,.F.);
#2383 = EDGE_CURVE('',#2384,#2376,#2386,.T.);
#2384 = VERTEX_POINT('',#2385);
#2385 = CARTESIAN_POINT('',(1.4,1.575,1.6475));
#2386 = LINE('',#2387,#2388);
#2387 = CARTESIAN_POINT('',(1.4,1.575,1.4475));
#2388 = VECTOR('',#2389,1.);
#2389 = DIRECTION('',(0.,0.,-1.));
#2390 = ORIENTED_EDGE('',*,*,#2391,.F.);
#2391 = EDGE_CURVE('',#2368,#2384,#2392,.T.);
#2392 = LINE('',#2393,#2394);
#2393 = CARTESIAN_POINT('',(1.4,1.575,1.6475));
#2394 = VECTOR('',#2395,1.);
#2395 = DIRECTION('',(-1.,0.,0.));
#2396 = FACE_BOUND('',#2397,.T.);
#2397 = EDGE_LOOP('',(#2398,#2408,#2416,#2424));
#2398 = ORIENTED_EDGE('',*,*,#2399,.F.);
#2399 = EDGE_CURVE('',#2400,#2402,#2404,.T.);
#2400 = VERTEX_POINT('',#2401);
#2401 = CARTESIAN_POINT('',(0.6,1.575,1.4475));
#2402 = VERTEX_POINT('',#2403);
#2403 = CARTESIAN_POINT('',(0.6,1.575,1.6475));
#2404 = LINE('',#2405,#2406);
#2405 = CARTESIAN_POINT('',(0.6,1.575,1.4475));
#2406 = VECTOR('',#2407,1.);
#2407 = DIRECTION('',(0.,0.,1.));
#2408 = ORIENTED_EDGE('',*,*,#2409,.F.);
#2409 = EDGE_CURVE('',#2410,#2400,#2412,.T.);
#2410 = VERTEX_POINT('',#2411);
#2411 = CARTESIAN_POINT('',(0.4,1.575,1.4475));
#2412 = LINE('',#2413,#2414);
#2413 = CARTESIAN_POINT('',(0.4,1.575,1.4475));
#2414 = VECTOR('',#2415,1.);
#2415 = DIRECTION('',(1.,0.,0.));
#2416 = ORIENTED_EDGE('',*,*,#2417,.F.);
#2417 = EDGE_CURVE('',#2418,#2410,#2420,.T.);
#2418 = VERTEX_POINT('',#2419);
#2419 = CARTESIAN_POINT('',(0.4,1.575,1.6475));
#2420 = LINE('',#2421,#2422);
#2421 = CARTESIAN_POINT('',(0.4,1.575,1.4475));
#2422 = VECTOR('',#2423,1.);
#2423 = DIRECTION('',(0.,0.,-1.));
#2424 = ORIENTED_EDGE('',*,*,#2425,.F.);
#2425 = EDGE_CURVE('',#2402,#2418,#2426,.T.);
#2426 = LINE('',#2427,#2428);
#2427 = CARTESIAN_POINT('',(0.4,1.575,1.6475));
#2428 = VECTOR('',#2429,1.);
#2429 = DIRECTION('',(-1.,0.,0.));
#2430 = FACE_BOUND('',#2431,.T.);
#2431 = EDGE_LOOP('',(#2432,#2442,#2450,#2458));
#2432 = ORIENTED_EDGE('',*,*,#2433,.F.);
#2433 = EDGE_CURVE('',#2434,#2436,#2438,.T.);
#2434 = VERTEX_POINT('',#2435);
#2435 = CARTESIAN_POINT('',(-0.4,1.575,1.4475));
#2436 = VERTEX_POINT('',#2437);
#2437 = CARTESIAN_POINT('',(-0.4,1.575,1.6475));
#2438 = LINE('',#2439,#2440);
#2439 = CARTESIAN_POINT('',(-0.4,1.575,1.4475));
#2440 = VECTOR('',#2441,1.);
#2441 = DIRECTION('',(-2.710505431214E-16,0.,1.));
#2442 = ORIENTED_EDGE('',*,*,#2443,.F.);
#2443 = EDGE_CURVE('',#2444,#2434,#2446,.T.);
#2444 = VERTEX_POINT('',#2445);
#2445 = CARTESIAN_POINT('',(-0.6,1.575,1.4475));
#2446 = LINE('',#2447,#2448);
#2447 = CARTESIAN_POINT('',(-0.6,1.575,1.4475));
#2448 = VECTOR('',#2449,1.);
#2449 = DIRECTION('',(1.,0.,0.));
#2450 = ORIENTED_EDGE('',*,*,#2451,.F.);
#2451 = EDGE_CURVE('',#2452,#2444,#2454,.T.);
#2452 = VERTEX_POINT('',#2453);
#2453 = CARTESIAN_POINT('',(-0.6,1.575,1.6475));
#2454 = LINE('',#2455,#2456);
#2455 = CARTESIAN_POINT('',(-0.6,1.575,1.4475));
#2456 = VECTOR('',#2457,1.);
#2457 = DIRECTION('',(0.,0.,-1.));
#2458 = ORIENTED_EDGE('',*,*,#2459,.F.);
#2459 = EDGE_CURVE('',#2436,#2452,#2460,.T.);
#2460 = LINE('',#2461,#2462);
#2461 = CARTESIAN_POINT('',(-0.6,1.575,1.6475));
#2462 = VECTOR('',#2463,1.);
#2463 = DIRECTION('',(-1.,0.,0.));
#2464 = PLANE('',#2465);
#2465 = AXIS2_PLACEMENT_3D('',#2466,#2467,#2468);
#2466 = CARTESIAN_POINT('',(0.,1.575,0.));
#2467 = DIRECTION('',(0.,1.,0.));
#2468 = DIRECTION('',(0.,-0.,1.));
#2469 = ADVANCED_FACE('',(#2470),#2481,.F.);
#2470 = FACE_BOUND('',#2471,.T.);
#2471 = EDGE_LOOP('',(#2472,#2473,#2474,#2480));
#2472 = ORIENTED_EDGE('',*,*,#2161,.F.);
#2473 = ORIENTED_EDGE('',*,*,#2137,.T.);
#2474 = ORIENTED_EDGE('',*,*,#2475,.F.);
#2475 = EDGE_CURVE('',#2188,#2129,#2476,.T.);
#2476 = LINE('',#2477,#2478);
#2477 = CARTESIAN_POINT('',(3.2,1.575,1.745));
#2478 = VECTOR('',#2479,1.);
#2479 = DIRECTION('',(0.,-1.,0.));
#2480 = ORIENTED_EDGE('',*,*,#2187,.F.);
#2481 = PLANE('',#2482);
#2482 = AXIS2_PLACEMENT_3D('',#2483,#2484,#2485);
#2483 = CARTESIAN_POINT('',(3.2,1.575,1.795));
#2484 = DIRECTION('',(1.,0.,0.));
#2485 = DIRECTION('',(0.,0.,-1.));
#2486 = ADVANCED_FACE('',(#2487),#2503,.T.);
#2487 = FACE_BOUND('',#2488,.T.);
#2488 = EDGE_LOOP('',(#2489,#2490,#2496,#2497));
#2489 = ORIENTED_EDGE('',*,*,#2111,.T.);
#2490 = ORIENTED_EDGE('',*,*,#2491,.T.);
#2491 = EDGE_CURVE('',#2104,#2213,#2492,.T.);
#2492 = LINE('',#2493,#2494);
#2493 = CARTESIAN_POINT('',(3.,1.575,1.845));
#2494 = VECTOR('',#2495,1.);
#2495 = DIRECTION('',(0.,1.,0.));
#2496 = ORIENTED_EDGE('',*,*,#2212,.F.);
#2497 = ORIENTED_EDGE('',*,*,#2498,.T.);
#2498 = EDGE_CURVE('',#2205,#2112,#2499,.T.);
#2499 = LINE('',#2500,#2501);
#2500 = CARTESIAN_POINT('',(3.05,1.575,1.795));
#2501 = VECTOR('',#2502,1.);
#2502 = DIRECTION('',(0.,-1.,0.));
#2503 = CYLINDRICAL_SURFACE('',#2504,5.E-02);
#2504 = AXIS2_PLACEMENT_3D('',#2505,#2506,#2507);
#2505 = CARTESIAN_POINT('',(3.05,1.575,1.845));
#2506 = DIRECTION('',(0.,-1.,0.));
#2507 = DIRECTION('',(-0.707106781187,-0.,-0.707106781187));
#2508 = ADVANCED_FACE('',(#2509),#2520,.F.);
#2509 = FACE_BOUND('',#2510,.T.);
#2510 = EDGE_LOOP('',(#2511,#2512,#2513,#2519));
#2511 = ORIENTED_EDGE('',*,*,#2491,.F.);
#2512 = ORIENTED_EDGE('',*,*,#2103,.T.);
#2513 = ORIENTED_EDGE('',*,*,#2514,.F.);
#2514 = EDGE_CURVE('',#2222,#2096,#2515,.T.);
#2515 = LINE('',#2516,#2517);
#2516 = CARTESIAN_POINT('',(3.,1.575,2.79));
#2517 = VECTOR('',#2518,1.);
#2518 = DIRECTION('',(0.,-1.,0.));
#2519 = ORIENTED_EDGE('',*,*,#2221,.F.);
#2520 = PLANE('',#2521);
#2521 = AXIS2_PLACEMENT_3D('',#2522,#2523,#2524);
#2522 = CARTESIAN_POINT('',(3.,1.575,1.795));
#2523 = DIRECTION('',(1.,0.,-8.717203396868E-16));
#2524 = DIRECTION('',(-8.717203396868E-16,0.,-1.));
#2525 = ADVANCED_FACE('',(#2526),#2537,.F.);
#2526 = FACE_BOUND('',#2527,.F.);
#2527 = EDGE_LOOP('',(#2528,#2534,#2535,#2536));
#2528 = ORIENTED_EDGE('',*,*,#2529,.F.);
#2529 = EDGE_CURVE('',#2121,#2196,#2530,.T.);
#2530 = LINE('',#2531,#2532);
#2531 = CARTESIAN_POINT('',(3.15,1.575,1.795));
#2532 = VECTOR('',#2533,1.);
#2533 = DIRECTION('',(0.,1.,0.));
#2534 = ORIENTED_EDGE('',*,*,#2128,.F.);
#2535 = ORIENTED_EDGE('',*,*,#2475,.F.);
#2536 = ORIENTED_EDGE('',*,*,#2195,.T.);
#2537 = CYLINDRICAL_SURFACE('',#2538,5.E-02);
#2538 = AXIS2_PLACEMENT_3D('',#2539,#2540,#2541);
#2539 = CARTESIAN_POINT('',(3.15,1.575,1.745));
#2540 = DIRECTION('',(0.,-1.,0.));
#2541 = DIRECTION('',(0.707106781187,0.,0.707106781187));
#2542 = ADVANCED_FACE('',(#2543),#2559,.F.);
#2543 = FACE_BOUND('',#2544,.F.);
#2544 = EDGE_LOOP('',(#2545,#2551,#2552,#2558));
#2545 = ORIENTED_EDGE('',*,*,#2546,.F.);
#2546 = EDGE_CURVE('',#2054,#2263,#2547,.T.);
#2547 = LINE('',#2548,#2549);
#2548 = CARTESIAN_POINT('',(-3.2,1.575,1.745));
#2549 = VECTOR('',#2550,1.);
#2550 = DIRECTION('',(0.,1.,0.));
#2551 = ORIENTED_EDGE('',*,*,#2061,.F.);
#2552 = ORIENTED_EDGE('',*,*,#2553,.F.);
#2553 = EDGE_CURVE('',#2255,#2062,#2554,.T.);
#2554 = LINE('',#2555,#2556);
#2555 = CARTESIAN_POINT('',(-3.15,1.575,1.795));
#2556 = VECTOR('',#2557,1.);
#2557 = DIRECTION('',(0.,-1.,0.));
#2558 = ORIENTED_EDGE('',*,*,#2262,.T.);
#2559 = CYLINDRICAL_SURFACE('',#2560,5.E-02);
#2560 = AXIS2_PLACEMENT_3D('',#2561,#2562,#2563);
#2561 = CARTESIAN_POINT('',(-3.15,1.575,1.745));
#2562 = DIRECTION('',(0.,-1.,0.));
#2563 = DIRECTION('',(-0.707106781187,0.,0.707106781187));
#2564 = ADVANCED_FACE('',(#2565),#2576,.F.);
#2565 = FACE_BOUND('',#2566,.T.);
#2566 = EDGE_LOOP('',(#2567,#2568,#2569,#2575));
#2567 = ORIENTED_EDGE('',*,*,#2546,.F.);
#2568 = ORIENTED_EDGE('',*,*,#2053,.T.);
#2569 = ORIENTED_EDGE('',*,*,#2570,.F.);
#2570 = EDGE_CURVE('',#2272,#2045,#2571,.T.);
#2571 = LINE('',#2572,#2573);
#2572 = CARTESIAN_POINT('',(-3.2,1.575,1.35));
#2573 = VECTOR('',#2574,1.);
#2574 = DIRECTION('',(0.,-1.,0.));
#2575 = ORIENTED_EDGE('',*,*,#2271,.F.);
#2576 = PLANE('',#2577);
#2577 = AXIS2_PLACEMENT_3D('',#2578,#2579,#2580);
#2578 = CARTESIAN_POINT('',(-3.2,1.575,1.545));
#2579 = DIRECTION('',(-1.,0.,0.));
#2580 = DIRECTION('',(0.,0.,1.));
#2581 = ADVANCED_FACE('',(#2582),#2593,.F.);
#2582 = FACE_BOUND('',#2583,.F.);
#2583 = EDGE_LOOP('',(#2584,#2590,#2591,#2592));
#2584 = ORIENTED_EDGE('',*,*,#2585,.F.);
#2585 = EDGE_CURVE('',#2037,#2280,#2586,.T.);
#2586 = LINE('',#2587,#2588);
#2587 = CARTESIAN_POINT('',(-3.15,1.575,1.3));
#2588 = VECTOR('',#2589,1.);
#2589 = DIRECTION('',(0.,1.,0.));
#2590 = ORIENTED_EDGE('',*,*,#2044,.F.);
#2591 = ORIENTED_EDGE('',*,*,#2570,.F.);
#2592 = ORIENTED_EDGE('',*,*,#2279,.T.);
#2593 = CYLINDRICAL_SURFACE('',#2594,5.E-02);
#2594 = AXIS2_PLACEMENT_3D('',#2595,#2596,#2597);
#2595 = CARTESIAN_POINT('',(-3.15,1.575,1.35));
#2596 = DIRECTION('',(0.,-1.,0.));
#2597 = DIRECTION('',(-0.707106781187,-0.,-0.707106781187));
#2598 = ADVANCED_FACE('',(#2599),#2615,.T.);
#2599 = FACE_BOUND('',#2600,.T.);
#2600 = EDGE_LOOP('',(#2601,#2602,#2608,#2609));
#2601 = ORIENTED_EDGE('',*,*,#2027,.T.);
#2602 = ORIENTED_EDGE('',*,*,#2603,.T.);
#2603 = EDGE_CURVE('',#2020,#2297,#2604,.T.);
#2604 = LINE('',#2605,#2606);
#2605 = CARTESIAN_POINT('',(-3.,1.575,1.25));
#2606 = VECTOR('',#2607,1.);
#2607 = DIRECTION('',(0.,1.,0.));
#2608 = ORIENTED_EDGE('',*,*,#2296,.F.);
#2609 = ORIENTED_EDGE('',*,*,#2610,.T.);
#2610 = EDGE_CURVE('',#2289,#2028,#2611,.T.);
#2611 = LINE('',#2612,#2613);
#2612 = CARTESIAN_POINT('',(-3.05,1.575,1.3));
#2613 = VECTOR('',#2614,1.);
#2614 = DIRECTION('',(0.,-1.,0.));
#2615 = CYLINDRICAL_SURFACE('',#2616,5.E-02);
#2616 = AXIS2_PLACEMENT_3D('',#2617,#2618,#2619);
#2617 = CARTESIAN_POINT('',(-3.05,1.575,1.25));
#2618 = DIRECTION('',(0.,-1.,0.));
#2619 = DIRECTION('',(0.707106781187,0.,0.707106781187));
#2620 = ADVANCED_FACE('',(#2621),#2632,.F.);
#2621 = FACE_BOUND('',#2622,.T.);
#2622 = EDGE_LOOP('',(#2623,#2624,#2625,#2631));
#2623 = ORIENTED_EDGE('',*,*,#2603,.F.);
#2624 = ORIENTED_EDGE('',*,*,#2019,.T.);
#2625 = ORIENTED_EDGE('',*,*,#2626,.F.);
#2626 = EDGE_CURVE('',#2306,#2012,#2627,.T.);
#2627 = LINE('',#2628,#2629);
#2628 = CARTESIAN_POINT('',(-3.,1.575,0.3));
#2629 = VECTOR('',#2630,1.);
#2630 = DIRECTION('',(0.,-1.,0.));
#2631 = ORIENTED_EDGE('',*,*,#2305,.F.);
#2632 = PLANE('',#2633);
#2633 = AXIS2_PLACEMENT_3D('',#2634,#2635,#2636);
#2634 = CARTESIAN_POINT('',(-3.,1.575,0.3));
#2635 = DIRECTION('',(-1.,0.,0.));
#2636 = DIRECTION('',(0.,0.,1.));
#2637 = ADVANCED_FACE('',(#2638),#2654,.T.);
#2638 = FACE_BOUND('',#2639,.T.);
#2639 = EDGE_LOOP('',(#2640,#2641,#2647,#2648));
#2640 = ORIENTED_EDGE('',*,*,#2078,.T.);
#2641 = ORIENTED_EDGE('',*,*,#2642,.T.);
#2642 = EDGE_CURVE('',#2071,#2246,#2643,.T.);
#2643 = LINE('',#2644,#2645);
#2644 = CARTESIAN_POINT('',(-3.05,1.575,1.795));
#2645 = VECTOR('',#2646,1.);
#2646 = DIRECTION('',(0.,1.,0.));
#2647 = ORIENTED_EDGE('',*,*,#2245,.F.);
#2648 = ORIENTED_EDGE('',*,*,#2649,.T.);
#2649 = EDGE_CURVE('',#2238,#2079,#2650,.T.);
#2650 = LINE('',#2651,#2652);
#2651 = CARTESIAN_POINT('',(-3.,1.575,1.845));
#2652 = VECTOR('',#2653,1.);
#2653 = DIRECTION('',(0.,-1.,0.));
#2654 = CYLINDRICAL_SURFACE('',#2655,5.E-02);
#2655 = AXIS2_PLACEMENT_3D('',#2656,#2657,#2658);
#2656 = CARTESIAN_POINT('',(-3.05,1.575,1.845));
#2657 = DIRECTION('',(0.,-1.,0.));
#2658 = DIRECTION('',(0.707106781187,0.,-0.707106781187));
#2659 = ADVANCED_FACE('',(#2660),#2666,.F.);
#2660 = FACE_BOUND('',#2661,.T.);
#2661 = EDGE_LOOP('',(#2662,#2663,#2664,#2665));
#2662 = ORIENTED_EDGE('',*,*,#2553,.F.);
#2663 = ORIENTED_EDGE('',*,*,#2254,.F.);
#2664 = ORIENTED_EDGE('',*,*,#2642,.F.);
#2665 = ORIENTED_EDGE('',*,*,#2070,.T.);
#2666 = PLANE('',#2667);
#2667 = AXIS2_PLACEMENT_3D('',#2668,#2669,#2670);
#2668 = CARTESIAN_POINT('',(-3.,1.575,1.795));
#2669 = DIRECTION('',(0.,0.,1.));
#2670 = DIRECTION('',(1.,0.,-0.));
#2671 = ADVANCED_FACE('',(#2672),#2692,.F.);
#2672 = FACE_BOUND('',#2673,.T.);
#2673 = EDGE_LOOP('',(#2674,#2675,#2676,#2677,#2683,#2684,#2685,#2691));
#2674 = ORIENTED_EDGE('',*,*,#1725,.T.);
#2675 = ORIENTED_EDGE('',*,*,#1867,.T.);
#2676 = ORIENTED_EDGE('',*,*,#1987,.T.);
#2677 = ORIENTED_EDGE('',*,*,#2678,.F.);
#2678 = EDGE_CURVE('',#1785,#1980,#2679,.T.);
#2679 = LINE('',#2680,#2681);
#2680 = CARTESIAN_POINT('',(3.1,1.575,0.4));
#2681 = VECTOR('',#2682,1.);
#2682 = DIRECTION('',(0.,-1.,0.));
#2683 = ORIENTED_EDGE('',*,*,#1784,.F.);
#2684 = ORIENTED_EDGE('',*,*,#175,.F.);
#2685 = ORIENTED_EDGE('',*,*,#2686,.F.);
#2686 = EDGE_CURVE('',#1578,#168,#2687,.T.);
#2687 = LINE('',#2688,#2689);
#2688 = CARTESIAN_POINT('',(3.12,-2.105,0.4));
#2689 = VECTOR('',#2690,1.);
#2690 = DIRECTION('',(-1.,0.,0.));
#2691 = ORIENTED_EDGE('',*,*,#1577,.F.);
#2692 = PLANE('',#2693);
#2693 = AXIS2_PLACEMENT_3D('',#2694,#2695,#2696);
#2694 = CARTESIAN_POINT('',(3.5,1.575,0.4));
#2695 = DIRECTION('',(0.,0.,1.));
#2696 = DIRECTION('',(1.,0.,-0.));
#2697 = ADVANCED_FACE('',(#2698),#2709,.F.);
#2698 = FACE_BOUND('',#2699,.T.);
#2699 = EDGE_LOOP('',(#2700,#2701,#2702,#2703));
#2700 = ORIENTED_EDGE('',*,*,#1701,.T.);
#2701 = ORIENTED_EDGE('',*,*,#1530,.T.);
#2702 = ORIENTED_EDGE('',*,*,#1954,.F.);
#2703 = ORIENTED_EDGE('',*,*,#2704,.F.);
#2704 = EDGE_CURVE('',#1702,#1955,#2705,.T.);
#2705 = LINE('',#2706,#2707);
#2706 = CARTESIAN_POINT('',(-3.5,-2.125,3.09));
#2707 = VECTOR('',#2708,1.);
#2708 = DIRECTION('',(0.,-1.,0.));
#2709 = PLANE('',#2710);
#2710 = AXIS2_PLACEMENT_3D('',#2711,#2712,#2713);
#2711 = CARTESIAN_POINT('',(-3.5,-2.125,3.09));
#2712 = DIRECTION('',(1.,0.,0.));
#2713 = DIRECTION('',(0.,0.,-1.));
#2714 = ADVANCED_FACE('',(#2715),#2721,.F.);
#2715 = FACE_BOUND('',#2716,.T.);
#2716 = EDGE_LOOP('',(#2717,#2718,#2719,#2720));
#2717 = ORIENTED_EDGE('',*,*,#1709,.T.);
#2718 = ORIENTED_EDGE('',*,*,#2704,.T.);
#2719 = ORIENTED_EDGE('',*,*,#1994,.T.);
#2720 = ORIENTED_EDGE('',*,*,#1851,.T.);
#2721 = PLANE('',#2722);
#2722 = AXIS2_PLACEMENT_3D('',#2723,#2724,#2725);
#2723 = CARTESIAN_POINT('',(0.,0.,3.09));
#2724 = DIRECTION('',(0.,0.,-1.));
#2725 = DIRECTION('',(-1.,0.,0.));
#2726 = ADVANCED_FACE('',(#2727),#2771,.T.);
#2727 = FACE_BOUND('',#2728,.T.);
#2728 = EDGE_LOOP('',(#2729,#2735,#2736,#2742,#2743,#2749,#2750,#2756,
    #2757,#2763,#2764,#2770));
#2729 = ORIENTED_EDGE('',*,*,#2730,.F.);
#2730 = EDGE_CURVE('',#1660,#1964,#2731,.T.);
#2731 = LINE('',#2732,#2733);
#2732 = CARTESIAN_POINT('',(-3.1,1.575,0.));
#2733 = VECTOR('',#2734,1.);
#2734 = DIRECTION('',(0.,-1.,0.));
#2735 = ORIENTED_EDGE('',*,*,#1659,.F.);
#2736 = ORIENTED_EDGE('',*,*,#2737,.F.);
#2737 = EDGE_CURVE('',#1112,#393,#2738,.T.);
#2738 = LINE('',#2739,#2740);
#2739 = CARTESIAN_POINT('',(-3.5,2.125,0.));
#2740 = VECTOR('',#2741,1.);
#2741 = DIRECTION('',(-1.,0.,0.));
#2742 = ORIENTED_EDGE('',*,*,#1818,.F.);
#2743 = ORIENTED_EDGE('',*,*,#2744,.F.);
#2744 = EDGE_CURVE('',#1031,#547,#2745,.T.);
#2745 = LINE('',#2746,#2747);
#2746 = CARTESIAN_POINT('',(-3.5,2.125,0.));
#2747 = VECTOR('',#2748,1.);
#2748 = DIRECTION('',(-1.,0.,0.));
#2749 = ORIENTED_EDGE('',*,*,#1835,.F.);
#2750 = ORIENTED_EDGE('',*,*,#2751,.F.);
#2751 = EDGE_CURVE('',#950,#701,#2752,.T.);
#2752 = LINE('',#2753,#2754);
#2753 = CARTESIAN_POINT('',(-3.5,2.125,0.));
#2754 = VECTOR('',#2755,1.);
#2755 = DIRECTION('',(-1.,0.,0.));
#2756 = ORIENTED_EDGE('',*,*,#1768,.F.);
#2757 = ORIENTED_EDGE('',*,*,#2758,.F.);
#2758 = EDGE_CURVE('',#869,#1418,#2759,.T.);
#2759 = LINE('',#2760,#2761);
#2760 = CARTESIAN_POINT('',(-3.5,2.125,0.));
#2761 = VECTOR('',#2762,1.);
#2762 = DIRECTION('',(-1.,0.,0.));
#2763 = ORIENTED_EDGE('',*,*,#1800,.F.);
#2764 = ORIENTED_EDGE('',*,*,#2765,.T.);
#2765 = EDGE_CURVE('',#1793,#1972,#2766,.T.);
#2766 = LINE('',#2767,#2768);
#2767 = CARTESIAN_POINT('',(3.1,1.575,0.));
#2768 = VECTOR('',#2769,1.);
#2769 = DIRECTION('',(0.,-1.,0.));
#2770 = ORIENTED_EDGE('',*,*,#1971,.F.);
#2771 = PLANE('',#2772);
#2772 = AXIS2_PLACEMENT_3D('',#2773,#2774,#2775);
#2773 = CARTESIAN_POINT('',(0.,0.,0.));
#2774 = DIRECTION('',(0.,0.,-1.));
#2775 = DIRECTION('',(-1.,0.,0.));
#2776 = ADVANCED_FACE('',(#2777),#2783,.F.);
#2777 = FACE_BOUND('',#2778,.T.);
#2778 = EDGE_LOOP('',(#2779,#2780,#2781,#2782));
#2779 = ORIENTED_EDGE('',*,*,#1979,.T.);
#2780 = ORIENTED_EDGE('',*,*,#2765,.F.);
#2781 = ORIENTED_EDGE('',*,*,#1792,.F.);
#2782 = ORIENTED_EDGE('',*,*,#2678,.T.);
#2783 = PLANE('',#2784);
#2784 = AXIS2_PLACEMENT_3D('',#2785,#2786,#2787);
#2785 = CARTESIAN_POINT('',(3.1,1.575,0.));
#2786 = DIRECTION('',(-1.,0.,0.));
#2787 = DIRECTION('',(0.,0.,1.));
#2788 = ADVANCED_FACE('',(#2789),#2795,.F.);
#2789 = FACE_BOUND('',#2790,.T.);
#2790 = EDGE_LOOP('',(#2791,#2792,#2793,#2794));
#2791 = ORIENTED_EDGE('',*,*,#1963,.T.);
#2792 = ORIENTED_EDGE('',*,*,#1514,.F.);
#2793 = ORIENTED_EDGE('',*,*,#1667,.F.);
#2794 = ORIENTED_EDGE('',*,*,#2730,.T.);
#2795 = PLANE('',#2796);
#2796 = AXIS2_PLACEMENT_3D('',#2797,#2798,#2799);
#2797 = CARTESIAN_POINT('',(-3.1,1.575,0.));
#2798 = DIRECTION('',(1.,0.,0.));
#2799 = DIRECTION('',(0.,0.,-1.));
#2800 = ADVANCED_FACE('',(#2801),#2807,.F.);
#2801 = FACE_BOUND('',#2802,.T.);
#2802 = EDGE_LOOP('',(#2803,#2804,#2805,#2806));
#2803 = ORIENTED_EDGE('',*,*,#2498,.F.);
#2804 = ORIENTED_EDGE('',*,*,#2204,.F.);
#2805 = ORIENTED_EDGE('',*,*,#2529,.F.);
#2806 = ORIENTED_EDGE('',*,*,#2120,.T.);
#2807 = PLANE('',#2808);
#2808 = AXIS2_PLACEMENT_3D('',#2809,#2810,#2811);
#2809 = CARTESIAN_POINT('',(3.2,1.575,1.795));
#2810 = DIRECTION('',(0.,0.,1.));
#2811 = DIRECTION('',(1.,0.,-0.));
#2812 = ADVANCED_FACE('',(#2813),#2824,.F.);
#2813 = FACE_BOUND('',#2814,.T.);
#2814 = EDGE_LOOP('',(#2815,#2816,#2817,#2823));
#2815 = ORIENTED_EDGE('',*,*,#1909,.F.);
#2816 = ORIENTED_EDGE('',*,*,#2321,.F.);
#2817 = ORIENTED_EDGE('',*,*,#2818,.T.);
#2818 = EDGE_CURVE('',#2314,#2004,#2819,.T.);
#2819 = LINE('',#2820,#2821);
#2820 = CARTESIAN_POINT('',(3.,1.575,0.3));
#2821 = VECTOR('',#2822,1.);
#2822 = DIRECTION('',(0.,-1.,0.));
#2823 = ORIENTED_EDGE('',*,*,#2003,.T.);
#2824 = PLANE('',#2825);
#2825 = AXIS2_PLACEMENT_3D('',#2826,#2827,#2828);
#2826 = CARTESIAN_POINT('',(3.,1.575,0.3));
#2827 = DIRECTION('',(1.,0.,8.673617379884E-16));
#2828 = DIRECTION('',(8.673617379884E-16,0.,-1.));
#2829 = ADVANCED_FACE('',(#2830),#2836,.F.);
#2830 = FACE_BOUND('',#2831,.T.);
#2831 = EDGE_LOOP('',(#2832,#2833,#2834,#2835));
#2832 = ORIENTED_EDGE('',*,*,#2011,.T.);
#2833 = ORIENTED_EDGE('',*,*,#2818,.F.);
#2834 = ORIENTED_EDGE('',*,*,#2313,.F.);
#2835 = ORIENTED_EDGE('',*,*,#2626,.T.);
#2836 = PLANE('',#2837);
#2837 = AXIS2_PLACEMENT_3D('',#2838,#2839,#2840);
#2838 = CARTESIAN_POINT('',(-3.,1.575,0.3));
#2839 = DIRECTION('',(1.264902534566E-16,0.,-1.));
#2840 = DIRECTION('',(-1.,0.,-1.264902534566E-16));
#2841 = ADVANCED_FACE('',(#2842),#2848,.F.);
#2842 = FACE_BOUND('',#2843,.T.);
#2843 = EDGE_LOOP('',(#2844,#2845,#2846,#2847));
#2844 = ORIENTED_EDGE('',*,*,#2585,.F.);
#2845 = ORIENTED_EDGE('',*,*,#2036,.T.);
#2846 = ORIENTED_EDGE('',*,*,#2610,.F.);
#2847 = ORIENTED_EDGE('',*,*,#2288,.F.);
#2848 = PLANE('',#2849);
#2849 = AXIS2_PLACEMENT_3D('',#2850,#2851,#2852);
#2850 = CARTESIAN_POINT('',(-3.,1.575,1.3));
#2851 = DIRECTION('',(0.,0.,-1.));
#2852 = DIRECTION('',(-1.,0.,0.));
#2853 = ADVANCED_FACE('',(#2854),#2865,.F.);
#2854 = FACE_BOUND('',#2855,.T.);
#2855 = EDGE_LOOP('',(#2856,#2857,#2858,#2864));
#2856 = ORIENTED_EDGE('',*,*,#2649,.F.);
#2857 = ORIENTED_EDGE('',*,*,#2237,.F.);
#2858 = ORIENTED_EDGE('',*,*,#2859,.T.);
#2859 = EDGE_CURVE('',#2230,#2088,#2860,.T.);
#2860 = LINE('',#2861,#2862);
#2861 = CARTESIAN_POINT('',(-3.,1.575,2.79));
#2862 = VECTOR('',#2863,1.);
#2863 = DIRECTION('',(0.,-1.,0.));
#2864 = ORIENTED_EDGE('',*,*,#2087,.T.);
#2865 = PLANE('',#2866);
#2866 = AXIS2_PLACEMENT_3D('',#2867,#2868,#2869);
#2867 = CARTESIAN_POINT('',(-3.,1.575,1.795));
#2868 = DIRECTION('',(-1.,0.,-8.717203396868E-16));
#2869 = DIRECTION('',(-8.717203396868E-16,0.,1.));
#2870 = ADVANCED_FACE('',(#2871),#2877,.F.);
#2871 = FACE_BOUND('',#2872,.T.);
#2872 = EDGE_LOOP('',(#2873,#2874,#2875,#2876));
#2873 = ORIENTED_EDGE('',*,*,#2095,.T.);
#2874 = ORIENTED_EDGE('',*,*,#2859,.F.);
#2875 = ORIENTED_EDGE('',*,*,#2229,.F.);
#2876 = ORIENTED_EDGE('',*,*,#2514,.T.);
#2877 = PLANE('',#2878);
#2878 = AXIS2_PLACEMENT_3D('',#2879,#2880,#2881);
#2879 = CARTESIAN_POINT('',(-3.,1.575,2.79));
#2880 = DIRECTION('',(-1.445602896647E-16,0.,1.));
#2881 = DIRECTION('',(1.,0.,1.445602896647E-16));
#2882 = ADVANCED_FACE('',(#2883),#2889,.F.);
#2883 = FACE_BOUND('',#2884,.T.);
#2884 = EDGE_LOOP('',(#2885,#2886,#2887,#2888));
#2885 = ORIENTED_EDGE('',*,*,#2686,.T.);
#2886 = ORIENTED_EDGE('',*,*,#167,.F.);
#2887 = ORIENTED_EDGE('',*,*,#1552,.F.);
#2888 = ORIENTED_EDGE('',*,*,#1585,.T.);
#2889 = PLANE('',#2890);
#2890 = AXIS2_PLACEMENT_3D('',#2891,#2892,#2893);
#2891 = CARTESIAN_POINT('',(3.12,-2.105,0.));
#2892 = DIRECTION('',(0.,1.,0.));
#2893 = DIRECTION('',(0.,-0.,1.));
#2894 = ADVANCED_FACE('',(#2895),#2901,.F.);
#2895 = FACE_BOUND('',#2896,.T.);
#2896 = EDGE_LOOP('',(#2897,#2898,#2899,#2900));
#2897 = ORIENTED_EDGE('',*,*,#1490,.T.);
#2898 = ORIENTED_EDGE('',*,*,#254,.F.);
#2899 = ORIENTED_EDGE('',*,*,#1609,.F.);
#2900 = ORIENTED_EDGE('',*,*,#1640,.T.);
#2901 = PLANE('',#2902);
#2902 = AXIS2_PLACEMENT_3D('',#2903,#2904,#2905);
#2903 = CARTESIAN_POINT('',(-3.12,-2.105,0.));
#2904 = DIRECTION('',(-4.336808689942E-15,1.,0.));
#2905 = DIRECTION('',(-1.,-4.336808689942E-15,0.));
#2906 = ADVANCED_FACE('',(#2907),#2923,.F.);
#2907 = FACE_BOUND('',#2908,.T.);
#2908 = EDGE_LOOP('',(#2909,#2910,#2916,#2917));
#2909 = ORIENTED_EDGE('',*,*,#1409,.F.);
#2910 = ORIENTED_EDGE('',*,*,#2911,.F.);
#2911 = EDGE_CURVE('',#885,#1402,#2912,.T.);
#2912 = LINE('',#2913,#2914);
#2913 = CARTESIAN_POINT('',(1.6,2.855,-2.E-02));
#2914 = VECTOR('',#2915,1.);
#2915 = DIRECTION('',(-1.,0.,0.));
#2916 = ORIENTED_EDGE('',*,*,#884,.T.);
#2917 = ORIENTED_EDGE('',*,*,#2918,.T.);
#2918 = EDGE_CURVE('',#877,#1410,#2919,.T.);
#2919 = LINE('',#2920,#2921);
#2920 = CARTESIAN_POINT('',(1.6,2.125,-2.E-02));
#2921 = VECTOR('',#2922,1.);
#2922 = DIRECTION('',(-1.,0.,0.));
#2923 = PLANE('',#2924);
#2924 = AXIS2_PLACEMENT_3D('',#2925,#2926,#2927);
#2925 = CARTESIAN_POINT('',(1.6,2.855,-2.E-02));
#2926 = DIRECTION('',(0.,0.,1.));
#2927 = DIRECTION('',(1.,0.,-0.));
#2928 = ADVANCED_FACE('',(#2929),#2940,.F.);
#2929 = FACE_BOUND('',#2930,.T.);
#2930 = EDGE_LOOP('',(#2931,#2932,#2938,#2939));
#2931 = ORIENTED_EDGE('',*,*,#1401,.T.);
#2932 = ORIENTED_EDGE('',*,*,#2933,.T.);
#2933 = EDGE_CURVE('',#1393,#893,#2934,.T.);
#2934 = LINE('',#2935,#2936);
#2935 = CARTESIAN_POINT('',(0.,2.855,8.E-02));
#2936 = VECTOR('',#2937,1.);
#2937 = DIRECTION('',(1.,0.,0.));
#2938 = ORIENTED_EDGE('',*,*,#892,.T.);
#2939 = ORIENTED_EDGE('',*,*,#2911,.T.);
#2940 = PLANE('',#2941);
#2941 = AXIS2_PLACEMENT_3D('',#2942,#2943,#2944);
#2942 = CARTESIAN_POINT('',(0.,2.855,0.));
#2943 = DIRECTION('',(0.,-1.,0.));
#2944 = DIRECTION('',(0.,0.,-1.));
#2945 = ADVANCED_FACE('',(#2946),#2952,.T.);
#2946 = FACE_BOUND('',#2947,.T.);
#2947 = EDGE_LOOP('',(#2948,#2949,#2950,#2951));
#2948 = ORIENTED_EDGE('',*,*,#876,.F.);
#2949 = ORIENTED_EDGE('',*,*,#2758,.T.);
#2950 = ORIENTED_EDGE('',*,*,#1417,.F.);
#2951 = ORIENTED_EDGE('',*,*,#2918,.F.);
#2952 = PLANE('',#2953);
#2953 = AXIS2_PLACEMENT_3D('',#2954,#2955,#2956);
#2954 = CARTESIAN_POINT('',(0.,2.125,0.));
#2955 = DIRECTION('',(0.,-1.,0.));
#2956 = DIRECTION('',(0.,0.,-1.));
#2957 = ADVANCED_FACE('',(#2958),#2974,.F.);
#2958 = FACE_BOUND('',#2959,.T.);
#2959 = EDGE_LOOP('',(#2960,#2961,#2967,#2968));
#2960 = ORIENTED_EDGE('',*,*,#692,.F.);
#2961 = ORIENTED_EDGE('',*,*,#2962,.F.);
#2962 = EDGE_CURVE('',#966,#685,#2963,.T.);
#2963 = LINE('',#2964,#2965);
#2964 = CARTESIAN_POINT('',(0.6,2.855,-2.E-02));
#2965 = VECTOR('',#2966,1.);
#2966 = DIRECTION('',(-1.,0.,0.));
#2967 = ORIENTED_EDGE('',*,*,#965,.T.);
#2968 = ORIENTED_EDGE('',*,*,#2969,.T.);
#2969 = EDGE_CURVE('',#958,#693,#2970,.T.);
#2970 = LINE('',#2971,#2972);
#2971 = CARTESIAN_POINT('',(0.6,2.125,-2.E-02));
#2972 = VECTOR('',#2973,1.);
#2973 = DIRECTION('',(-1.,0.,0.));
#2974 = PLANE('',#2975);
#2975 = AXIS2_PLACEMENT_3D('',#2976,#2977,#2978);
#2976 = CARTESIAN_POINT('',(0.6,2.855,-2.E-02));
#2977 = DIRECTION('',(0.,0.,1.));
#2978 = DIRECTION('',(1.,0.,-0.));
#2979 = ADVANCED_FACE('',(#2980),#2991,.F.);
#2980 = FACE_BOUND('',#2981,.T.);
#2981 = EDGE_LOOP('',(#2982,#2983,#2989,#2990));
#2982 = ORIENTED_EDGE('',*,*,#684,.T.);
#2983 = ORIENTED_EDGE('',*,*,#2984,.T.);
#2984 = EDGE_CURVE('',#676,#974,#2985,.T.);
#2985 = LINE('',#2986,#2987);
#2986 = CARTESIAN_POINT('',(0.,2.855,8.E-02));
#2987 = VECTOR('',#2988,1.);
#2988 = DIRECTION('',(1.,0.,0.));
#2989 = ORIENTED_EDGE('',*,*,#973,.T.);
#2990 = ORIENTED_EDGE('',*,*,#2962,.T.);
#2991 = PLANE('',#2992);
#2992 = AXIS2_PLACEMENT_3D('',#2993,#2994,#2995);
#2993 = CARTESIAN_POINT('',(0.,2.855,0.));
#2994 = DIRECTION('',(0.,-1.,0.));
#2995 = DIRECTION('',(0.,0.,-1.));
#2996 = ADVANCED_FACE('',(#2997),#3003,.T.);
#2997 = FACE_BOUND('',#2998,.T.);
#2998 = EDGE_LOOP('',(#2999,#3000,#3001,#3002));
#2999 = ORIENTED_EDGE('',*,*,#957,.F.);
#3000 = ORIENTED_EDGE('',*,*,#2751,.T.);
#3001 = ORIENTED_EDGE('',*,*,#700,.F.);
#3002 = ORIENTED_EDGE('',*,*,#2969,.F.);
#3003 = PLANE('',#3004);
#3004 = AXIS2_PLACEMENT_3D('',#3005,#3006,#3007);
#3005 = CARTESIAN_POINT('',(0.,2.125,0.));
#3006 = DIRECTION('',(0.,-1.,0.));
#3007 = DIRECTION('',(0.,0.,-1.));
#3008 = ADVANCED_FACE('',(#3009),#3025,.F.);
#3009 = FACE_BOUND('',#3010,.T.);
#3010 = EDGE_LOOP('',(#3011,#3012,#3018,#3019));
#3011 = ORIENTED_EDGE('',*,*,#538,.F.);
#3012 = ORIENTED_EDGE('',*,*,#3013,.F.);
#3013 = EDGE_CURVE('',#1047,#531,#3014,.T.);
#3014 = LINE('',#3015,#3016);
#3015 = CARTESIAN_POINT('',(-0.4,2.855,-2.E-02));
#3016 = VECTOR('',#3017,1.);
#3017 = DIRECTION('',(-1.,0.,0.));
#3018 = ORIENTED_EDGE('',*,*,#1046,.T.);
#3019 = ORIENTED_EDGE('',*,*,#3020,.T.);
#3020 = EDGE_CURVE('',#1039,#539,#3021,.T.);
#3021 = LINE('',#3022,#3023);
#3022 = CARTESIAN_POINT('',(-0.4,2.125,-2.E-02));
#3023 = VECTOR('',#3024,1.);
#3024 = DIRECTION('',(-1.,0.,0.));
#3025 = PLANE('',#3026);
#3026 = AXIS2_PLACEMENT_3D('',#3027,#3028,#3029);
#3027 = CARTESIAN_POINT('',(-0.4,2.855,-2.E-02));
#3028 = DIRECTION('',(0.,0.,1.));
#3029 = DIRECTION('',(1.,0.,-0.));
#3030 = ADVANCED_FACE('',(#3031),#3042,.F.);
#3031 = FACE_BOUND('',#3032,.T.);
#3032 = EDGE_LOOP('',(#3033,#3034,#3040,#3041));
#3033 = ORIENTED_EDGE('',*,*,#530,.T.);
#3034 = ORIENTED_EDGE('',*,*,#3035,.T.);
#3035 = EDGE_CURVE('',#522,#1055,#3036,.T.);
#3036 = LINE('',#3037,#3038);
#3037 = CARTESIAN_POINT('',(0.,2.855,8.E-02));
#3038 = VECTOR('',#3039,1.);
#3039 = DIRECTION('',(1.,0.,0.));
#3040 = ORIENTED_EDGE('',*,*,#1054,.T.);
#3041 = ORIENTED_EDGE('',*,*,#3013,.T.);
#3042 = PLANE('',#3043);
#3043 = AXIS2_PLACEMENT_3D('',#3044,#3045,#3046);
#3044 = CARTESIAN_POINT('',(0.,2.855,0.));
#3045 = DIRECTION('',(0.,-1.,0.));
#3046 = DIRECTION('',(0.,0.,-1.));
#3047 = ADVANCED_FACE('',(#3048),#3054,.T.);
#3048 = FACE_BOUND('',#3049,.T.);
#3049 = EDGE_LOOP('',(#3050,#3051,#3052,#3053));
#3050 = ORIENTED_EDGE('',*,*,#1038,.F.);
#3051 = ORIENTED_EDGE('',*,*,#2744,.T.);
#3052 = ORIENTED_EDGE('',*,*,#546,.F.);
#3053 = ORIENTED_EDGE('',*,*,#3020,.F.);
#3054 = PLANE('',#3055);
#3055 = AXIS2_PLACEMENT_3D('',#3056,#3057,#3058);
#3056 = CARTESIAN_POINT('',(0.,2.125,0.));
#3057 = DIRECTION('',(0.,-1.,0.));
#3058 = DIRECTION('',(0.,0.,-1.));
#3059 = ADVANCED_FACE('',(#3060),#3076,.F.);
#3060 = FACE_BOUND('',#3061,.T.);
#3061 = EDGE_LOOP('',(#3062,#3063,#3069,#3070));
#3062 = ORIENTED_EDGE('',*,*,#384,.F.);
#3063 = ORIENTED_EDGE('',*,*,#3064,.F.);
#3064 = EDGE_CURVE('',#1128,#377,#3065,.T.);
#3065 = LINE('',#3066,#3067);
#3066 = CARTESIAN_POINT('',(-1.4,2.855,-2.E-02));
#3067 = VECTOR('',#3068,1.);
#3068 = DIRECTION('',(-1.,0.,0.));
#3069 = ORIENTED_EDGE('',*,*,#1127,.T.);
#3070 = ORIENTED_EDGE('',*,*,#3071,.T.);
#3071 = EDGE_CURVE('',#1120,#385,#3072,.T.);
#3072 = LINE('',#3073,#3074);
#3073 = CARTESIAN_POINT('',(-1.4,2.125,-2.E-02));
#3074 = VECTOR('',#3075,1.);
#3075 = DIRECTION('',(-1.,0.,0.));
#3076 = PLANE('',#3077);
#3077 = AXIS2_PLACEMENT_3D('',#3078,#3079,#3080);
#3078 = CARTESIAN_POINT('',(-1.4,2.855,-2.E-02));
#3079 = DIRECTION('',(0.,0.,1.));
#3080 = DIRECTION('',(1.,0.,-0.));
#3081 = ADVANCED_FACE('',(#3082),#3093,.F.);
#3082 = FACE_BOUND('',#3083,.T.);
#3083 = EDGE_LOOP('',(#3084,#3085,#3091,#3092));
#3084 = ORIENTED_EDGE('',*,*,#376,.T.);
#3085 = ORIENTED_EDGE('',*,*,#3086,.T.);
#3086 = EDGE_CURVE('',#368,#1136,#3087,.T.);
#3087 = LINE('',#3088,#3089);
#3088 = CARTESIAN_POINT('',(0.,2.855,8.E-02));
#3089 = VECTOR('',#3090,1.);
#3090 = DIRECTION('',(1.,0.,0.));
#3091 = ORIENTED_EDGE('',*,*,#1135,.T.);
#3092 = ORIENTED_EDGE('',*,*,#3064,.T.);
#3093 = PLANE('',#3094);
#3094 = AXIS2_PLACEMENT_3D('',#3095,#3096,#3097);
#3095 = CARTESIAN_POINT('',(0.,2.855,0.));
#3096 = DIRECTION('',(0.,-1.,0.));
#3097 = DIRECTION('',(0.,0.,-1.));
#3098 = ADVANCED_FACE('',(#3099),#3105,.T.);
#3099 = FACE_BOUND('',#3100,.T.);
#3100 = EDGE_LOOP('',(#3101,#3102,#3103,#3104));
#3101 = ORIENTED_EDGE('',*,*,#1119,.F.);
#3102 = ORIENTED_EDGE('',*,*,#2737,.T.);
#3103 = ORIENTED_EDGE('',*,*,#392,.F.);
#3104 = ORIENTED_EDGE('',*,*,#3071,.F.);
#3105 = PLANE('',#3106);
#3106 = AXIS2_PLACEMENT_3D('',#3107,#3108,#3109);
#3107 = CARTESIAN_POINT('',(0.,2.125,0.));
#3108 = DIRECTION('',(0.,-1.,0.));
#3109 = DIRECTION('',(0.,0.,-1.));
#3110 = ADVANCED_FACE('',(#3111),#3117,.T.);
#3111 = FACE_BOUND('',#3112,.T.);
#3112 = EDGE_LOOP('',(#3113,#3114,#3115,#3116));
#3113 = ORIENTED_EDGE('',*,*,#1143,.F.);
#3114 = ORIENTED_EDGE('',*,*,#3086,.F.);
#3115 = ORIENTED_EDGE('',*,*,#367,.F.);
#3116 = ORIENTED_EDGE('',*,*,#1466,.F.);
#3117 = CYLINDRICAL_SURFACE('',#3118,0.2);
#3118 = AXIS2_PLACEMENT_3D('',#3119,#3120,#3121);
#3119 = CARTESIAN_POINT('',(-1.4,2.655,8.E-02));
#3120 = DIRECTION('',(-1.,0.,0.));
#3121 = DIRECTION('',(0.,0.,1.));
#3122 = ADVANCED_FACE('',(#3123),#3129,.T.);
#3123 = FACE_BOUND('',#3124,.T.);
#3124 = EDGE_LOOP('',(#3125,#3126,#3127,#3128));
#3125 = ORIENTED_EDGE('',*,*,#1062,.F.);
#3126 = ORIENTED_EDGE('',*,*,#3035,.F.);
#3127 = ORIENTED_EDGE('',*,*,#521,.F.);
#3128 = ORIENTED_EDGE('',*,*,#1367,.F.);
#3129 = CYLINDRICAL_SURFACE('',#3130,0.2);
#3130 = AXIS2_PLACEMENT_3D('',#3131,#3132,#3133);
#3131 = CARTESIAN_POINT('',(-0.4,2.655,8.E-02));
#3132 = DIRECTION('',(-1.,0.,0.));
#3133 = DIRECTION('',(0.,0.,1.));
#3134 = ADVANCED_FACE('',(#3135),#3141,.T.);
#3135 = FACE_BOUND('',#3136,.T.);
#3136 = EDGE_LOOP('',(#3137,#3138,#3139,#3140));
#3137 = ORIENTED_EDGE('',*,*,#981,.F.);
#3138 = ORIENTED_EDGE('',*,*,#2984,.F.);
#3139 = ORIENTED_EDGE('',*,*,#675,.F.);
#3140 = ORIENTED_EDGE('',*,*,#1350,.F.);
#3141 = CYLINDRICAL_SURFACE('',#3142,0.2);
#3142 = AXIS2_PLACEMENT_3D('',#3143,#3144,#3145);
#3143 = CARTESIAN_POINT('',(0.6,2.655,8.E-02));
#3144 = DIRECTION('',(-1.,0.,0.));
#3145 = DIRECTION('',(0.,0.,1.));
#3146 = ADVANCED_FACE('',(#3147),#3153,.T.);
#3147 = FACE_BOUND('',#3148,.T.);
#3148 = EDGE_LOOP('',(#3149,#3150,#3151,#3152));
#3149 = ORIENTED_EDGE('',*,*,#900,.F.);
#3150 = ORIENTED_EDGE('',*,*,#2933,.F.);
#3151 = ORIENTED_EDGE('',*,*,#1392,.F.);
#3152 = ORIENTED_EDGE('',*,*,#1449,.F.);
#3153 = CYLINDRICAL_SURFACE('',#3154,0.2);
#3154 = AXIS2_PLACEMENT_3D('',#3155,#3156,#3157);
#3155 = CARTESIAN_POINT('',(1.6,2.655,8.E-02));
#3156 = DIRECTION('',(-1.,0.,0.));
#3157 = DIRECTION('',(0.,0.,1.));
#3158 = ADVANCED_FACE('',(#3159),#3184,.F.);
#3159 = FACE_BOUND('',#3160,.T.);
#3160 = EDGE_LOOP('',(#3161,#3169,#3177,#3183));
#3161 = ORIENTED_EDGE('',*,*,#3162,.F.);
#3162 = EDGE_CURVE('',#3163,#2436,#3165,.T.);
#3163 = VERTEX_POINT('',#3164);
#3164 = CARTESIAN_POINT('',(-0.4,-1.875,1.6475));
#3165 = LINE('',#3166,#3167);
#3166 = CARTESIAN_POINT('',(-0.4,-1.925,1.6475));
#3167 = VECTOR('',#3168,1.);
#3168 = DIRECTION('',(0.,1.,0.));
#3169 = ORIENTED_EDGE('',*,*,#3170,.T.);
#3170 = EDGE_CURVE('',#3163,#3171,#3173,.T.);
#3171 = VERTEX_POINT('',#3172);
#3172 = CARTESIAN_POINT('',(-0.4,-1.875,1.4475));
#3173 = LINE('',#3174,#3175);
#3174 = CARTESIAN_POINT('',(-0.4,-1.875,1.4475));
#3175 = VECTOR('',#3176,1.);
#3176 = DIRECTION('',(2.710505431214E-16,0.,-1.));
#3177 = ORIENTED_EDGE('',*,*,#3178,.T.);
#3178 = EDGE_CURVE('',#3171,#2434,#3179,.T.);
#3179 = LINE('',#3180,#3181);
#3180 = CARTESIAN_POINT('',(-0.4,-1.925,1.4475));
#3181 = VECTOR('',#3182,1.);
#3182 = DIRECTION('',(0.,1.,0.));
#3183 = ORIENTED_EDGE('',*,*,#2433,.T.);
#3184 = PLANE('',#3185);
#3185 = AXIS2_PLACEMENT_3D('',#3186,#3187,#3188);
#3186 = CARTESIAN_POINT('',(-0.4,-1.925,1.4475));
#3187 = DIRECTION('',(-1.,0.,-2.710505431214E-16));
#3188 = DIRECTION('',(-2.710505431214E-16,0.,1.));
#3189 = ADVANCED_FACE('',(#3190),#3208,.F.);
#3190 = FACE_BOUND('',#3191,.T.);
#3191 = EDGE_LOOP('',(#3192,#3200,#3206,#3207));
#3192 = ORIENTED_EDGE('',*,*,#3193,.F.);
#3193 = EDGE_CURVE('',#3194,#2452,#3196,.T.);
#3194 = VERTEX_POINT('',#3195);
#3195 = CARTESIAN_POINT('',(-0.6,-1.875,1.6475));
#3196 = LINE('',#3197,#3198);
#3197 = CARTESIAN_POINT('',(-0.6,-1.925,1.6475));
#3198 = VECTOR('',#3199,1.);
#3199 = DIRECTION('',(0.,1.,0.));
#3200 = ORIENTED_EDGE('',*,*,#3201,.T.);
#3201 = EDGE_CURVE('',#3194,#3163,#3202,.T.);
#3202 = LINE('',#3203,#3204);
#3203 = CARTESIAN_POINT('',(-0.6,-1.875,1.6475));
#3204 = VECTOR('',#3205,1.);
#3205 = DIRECTION('',(1.,0.,0.));
#3206 = ORIENTED_EDGE('',*,*,#3162,.T.);
#3207 = ORIENTED_EDGE('',*,*,#2459,.T.);
#3208 = PLANE('',#3209);
#3209 = AXIS2_PLACEMENT_3D('',#3210,#3211,#3212);
#3210 = CARTESIAN_POINT('',(-0.6,-1.925,1.6475));
#3211 = DIRECTION('',(0.,0.,-1.));
#3212 = DIRECTION('',(-1.,0.,0.));
#3213 = ADVANCED_FACE('',(#3214),#3232,.F.);
#3214 = FACE_BOUND('',#3215,.T.);
#3215 = EDGE_LOOP('',(#3216,#3224,#3230,#3231));
#3216 = ORIENTED_EDGE('',*,*,#3217,.F.);
#3217 = EDGE_CURVE('',#3218,#2444,#3220,.T.);
#3218 = VERTEX_POINT('',#3219);
#3219 = CARTESIAN_POINT('',(-0.6,-1.875,1.4475));
#3220 = LINE('',#3221,#3222);
#3221 = CARTESIAN_POINT('',(-0.6,-1.925,1.4475));
#3222 = VECTOR('',#3223,1.);
#3223 = DIRECTION('',(0.,1.,0.));
#3224 = ORIENTED_EDGE('',*,*,#3225,.T.);
#3225 = EDGE_CURVE('',#3218,#3194,#3226,.T.);
#3226 = LINE('',#3227,#3228);
#3227 = CARTESIAN_POINT('',(-0.6,-1.875,1.4475));
#3228 = VECTOR('',#3229,1.);
#3229 = DIRECTION('',(0.,0.,1.));
#3230 = ORIENTED_EDGE('',*,*,#3193,.T.);
#3231 = ORIENTED_EDGE('',*,*,#2451,.T.);
#3232 = PLANE('',#3233);
#3233 = AXIS2_PLACEMENT_3D('',#3234,#3235,#3236);
#3234 = CARTESIAN_POINT('',(-0.6,-1.925,1.4475));
#3235 = DIRECTION('',(1.,0.,0.));
#3236 = DIRECTION('',(0.,0.,-1.));
#3237 = ADVANCED_FACE('',(#3238),#3249,.F.);
#3238 = FACE_BOUND('',#3239,.T.);
#3239 = EDGE_LOOP('',(#3240,#3241,#3247,#3248));
#3240 = ORIENTED_EDGE('',*,*,#3178,.F.);
#3241 = ORIENTED_EDGE('',*,*,#3242,.T.);
#3242 = EDGE_CURVE('',#3171,#3218,#3243,.T.);
#3243 = LINE('',#3244,#3245);
#3244 = CARTESIAN_POINT('',(-0.6,-1.875,1.4475));
#3245 = VECTOR('',#3246,1.);
#3246 = DIRECTION('',(-1.,0.,0.));
#3247 = ORIENTED_EDGE('',*,*,#3217,.T.);
#3248 = ORIENTED_EDGE('',*,*,#2443,.T.);
#3249 = PLANE('',#3250);
#3250 = AXIS2_PLACEMENT_3D('',#3251,#3252,#3253);
#3251 = CARTESIAN_POINT('',(-0.6,-1.925,1.4475));
#3252 = DIRECTION('',(0.,0.,1.));
#3253 = DIRECTION('',(1.,0.,-0.));
#3254 = ADVANCED_FACE('',(#3255),#3289,.F.);
#3255 = FACE_BOUND('',#3256,.T.);
#3256 = EDGE_LOOP('',(#3257,#3267,#3275,#3283));
#3257 = ORIENTED_EDGE('',*,*,#3258,.T.);
#3258 = EDGE_CURVE('',#3259,#3261,#3263,.T.);
#3259 = VERTEX_POINT('',#3260);
#3260 = CARTESIAN_POINT('',(-0.45,-1.925,1.5975));
#3261 = VERTEX_POINT('',#3262);
#3262 = CARTESIAN_POINT('',(-0.55,-1.925,1.5975));
#3263 = LINE('',#3264,#3265);
#3264 = CARTESIAN_POINT('',(0.,-1.925,1.5975));
#3265 = VECTOR('',#3266,1.);
#3266 = DIRECTION('',(-1.,0.,0.));
#3267 = ORIENTED_EDGE('',*,*,#3268,.T.);
#3268 = EDGE_CURVE('',#3261,#3269,#3271,.T.);
#3269 = VERTEX_POINT('',#3270);
#3270 = CARTESIAN_POINT('',(-0.55,-1.925,1.4975));
#3271 = LINE('',#3272,#3273);
#3272 = CARTESIAN_POINT('',(-0.55,-1.925,0.));
#3273 = VECTOR('',#3274,1.);
#3274 = DIRECTION('',(0.,0.,-1.));
#3275 = ORIENTED_EDGE('',*,*,#3276,.T.);
#3276 = EDGE_CURVE('',#3269,#3277,#3279,.T.);
#3277 = VERTEX_POINT('',#3278);
#3278 = CARTESIAN_POINT('',(-0.45,-1.925,1.4975));
#3279 = LINE('',#3280,#3281);
#3280 = CARTESIAN_POINT('',(0.,-1.925,1.4975));
#3281 = VECTOR('',#3282,1.);
#3282 = DIRECTION('',(1.,0.,0.));
#3283 = ORIENTED_EDGE('',*,*,#3284,.T.);
#3284 = EDGE_CURVE('',#3277,#3259,#3285,.T.);
#3285 = LINE('',#3286,#3287);
#3286 = CARTESIAN_POINT('',(-0.45,-1.925,-1.219727444046E-16));
#3287 = VECTOR('',#3288,1.);
#3288 = DIRECTION('',(-2.710505431214E-16,0.,1.));
#3289 = PLANE('',#3290);
#3290 = AXIS2_PLACEMENT_3D('',#3291,#3292,#3293);
#3291 = CARTESIAN_POINT('',(0.,-1.925,0.));
#3292 = DIRECTION('',(0.,1.,0.));
#3293 = DIRECTION('',(0.,-0.,1.));
#3294 = ADVANCED_FACE('',(#3295),#3320,.F.);
#3295 = FACE_BOUND('',#3296,.T.);
#3296 = EDGE_LOOP('',(#3297,#3305,#3313,#3319));
#3297 = ORIENTED_EDGE('',*,*,#3298,.F.);
#3298 = EDGE_CURVE('',#3299,#2334,#3301,.T.);
#3299 = VERTEX_POINT('',#3300);
#3300 = CARTESIAN_POINT('',(-1.4,-1.875,1.6475));
#3301 = LINE('',#3302,#3303);
#3302 = CARTESIAN_POINT('',(-1.4,-1.925,1.6475));
#3303 = VECTOR('',#3304,1.);
#3304 = DIRECTION('',(0.,1.,0.));
#3305 = ORIENTED_EDGE('',*,*,#3306,.T.);
#3306 = EDGE_CURVE('',#3299,#3307,#3309,.T.);
#3307 = VERTEX_POINT('',#3308);
#3308 = CARTESIAN_POINT('',(-1.4,-1.875,1.4475));
#3309 = LINE('',#3310,#3311);
#3310 = CARTESIAN_POINT('',(-1.4,-1.875,1.4475));
#3311 = VECTOR('',#3312,1.);
#3312 = DIRECTION('',(0.,0.,-1.));
#3313 = ORIENTED_EDGE('',*,*,#3314,.T.);
#3314 = EDGE_CURVE('',#3307,#2332,#3315,.T.);
#3315 = LINE('',#3316,#3317);
#3316 = CARTESIAN_POINT('',(-1.4,-1.925,1.4475));
#3317 = VECTOR('',#3318,1.);
#3318 = DIRECTION('',(0.,1.,0.));
#3319 = ORIENTED_EDGE('',*,*,#2331,.T.);
#3320 = PLANE('',#3321);
#3321 = AXIS2_PLACEMENT_3D('',#3322,#3323,#3324);
#3322 = CARTESIAN_POINT('',(-1.4,-1.925,1.4475));
#3323 = DIRECTION('',(-1.,0.,0.));
#3324 = DIRECTION('',(0.,0.,1.));
#3325 = ADVANCED_FACE('',(#3326),#3344,.F.);
#3326 = FACE_BOUND('',#3327,.T.);
#3327 = EDGE_LOOP('',(#3328,#3336,#3342,#3343));
#3328 = ORIENTED_EDGE('',*,*,#3329,.F.);
#3329 = EDGE_CURVE('',#3330,#2350,#3332,.T.);
#3330 = VERTEX_POINT('',#3331);
#3331 = CARTESIAN_POINT('',(-1.6,-1.875,1.6475));
#3332 = LINE('',#3333,#3334);
#3333 = CARTESIAN_POINT('',(-1.6,-1.925,1.6475));
#3334 = VECTOR('',#3335,1.);
#3335 = DIRECTION('',(0.,1.,0.));
#3336 = ORIENTED_EDGE('',*,*,#3337,.T.);
#3337 = EDGE_CURVE('',#3330,#3299,#3338,.T.);
#3338 = LINE('',#3339,#3340);
#3339 = CARTESIAN_POINT('',(-1.6,-1.875,1.6475));
#3340 = VECTOR('',#3341,1.);
#3341 = DIRECTION('',(1.,0.,0.));
#3342 = ORIENTED_EDGE('',*,*,#3298,.T.);
#3343 = ORIENTED_EDGE('',*,*,#2357,.T.);
#3344 = PLANE('',#3345);
#3345 = AXIS2_PLACEMENT_3D('',#3346,#3347,#3348);
#3346 = CARTESIAN_POINT('',(-1.6,-1.925,1.6475));
#3347 = DIRECTION('',(0.,0.,-1.));
#3348 = DIRECTION('',(-1.,0.,0.));
#3349 = ADVANCED_FACE('',(#3350),#3368,.F.);
#3350 = FACE_BOUND('',#3351,.T.);
#3351 = EDGE_LOOP('',(#3352,#3360,#3366,#3367));
#3352 = ORIENTED_EDGE('',*,*,#3353,.F.);
#3353 = EDGE_CURVE('',#3354,#2342,#3356,.T.);
#3354 = VERTEX_POINT('',#3355);
#3355 = CARTESIAN_POINT('',(-1.6,-1.875,1.4475));
#3356 = LINE('',#3357,#3358);
#3357 = CARTESIAN_POINT('',(-1.6,-1.925,1.4475));
#3358 = VECTOR('',#3359,1.);
#3359 = DIRECTION('',(0.,1.,0.));
#3360 = ORIENTED_EDGE('',*,*,#3361,.T.);
#3361 = EDGE_CURVE('',#3354,#3330,#3362,.T.);
#3362 = LINE('',#3363,#3364);
#3363 = CARTESIAN_POINT('',(-1.6,-1.875,1.4475));
#3364 = VECTOR('',#3365,1.);
#3365 = DIRECTION('',(0.,0.,1.));
#3366 = ORIENTED_EDGE('',*,*,#3329,.T.);
#3367 = ORIENTED_EDGE('',*,*,#2349,.T.);
#3368 = PLANE('',#3369);
#3369 = AXIS2_PLACEMENT_3D('',#3370,#3371,#3372);
#3370 = CARTESIAN_POINT('',(-1.6,-1.925,1.4475));
#3371 = DIRECTION('',(1.,0.,0.));
#3372 = DIRECTION('',(0.,0.,-1.));
#3373 = ADVANCED_FACE('',(#3374),#3385,.F.);
#3374 = FACE_BOUND('',#3375,.T.);
#3375 = EDGE_LOOP('',(#3376,#3377,#3383,#3384));
#3376 = ORIENTED_EDGE('',*,*,#3314,.F.);
#3377 = ORIENTED_EDGE('',*,*,#3378,.T.);
#3378 = EDGE_CURVE('',#3307,#3354,#3379,.T.);
#3379 = LINE('',#3380,#3381);
#3380 = CARTESIAN_POINT('',(-1.6,-1.875,1.4475));
#3381 = VECTOR('',#3382,1.);
#3382 = DIRECTION('',(-1.,0.,0.));
#3383 = ORIENTED_EDGE('',*,*,#3353,.T.);
#3384 = ORIENTED_EDGE('',*,*,#2341,.T.);
#3385 = PLANE('',#3386);
#3386 = AXIS2_PLACEMENT_3D('',#3387,#3388,#3389);
#3387 = CARTESIAN_POINT('',(-1.6,-1.925,1.4475));
#3388 = DIRECTION('',(0.,0.,1.));
#3389 = DIRECTION('',(1.,0.,-0.));
#3390 = ADVANCED_FACE('',(#3391),#3425,.F.);
#3391 = FACE_BOUND('',#3392,.T.);
#3392 = EDGE_LOOP('',(#3393,#3403,#3411,#3419));
#3393 = ORIENTED_EDGE('',*,*,#3394,.T.);
#3394 = EDGE_CURVE('',#3395,#3397,#3399,.T.);
#3395 = VERTEX_POINT('',#3396);
#3396 = CARTESIAN_POINT('',(-1.45,-1.925,1.4975));
#3397 = VERTEX_POINT('',#3398);
#3398 = CARTESIAN_POINT('',(-1.45,-1.925,1.5975));
#3399 = LINE('',#3400,#3401);
#3400 = CARTESIAN_POINT('',(-1.45,-1.925,0.));
#3401 = VECTOR('',#3402,1.);
#3402 = DIRECTION('',(0.,0.,1.));
#3403 = ORIENTED_EDGE('',*,*,#3404,.T.);
#3404 = EDGE_CURVE('',#3397,#3405,#3407,.T.);
#3405 = VERTEX_POINT('',#3406);
#3406 = CARTESIAN_POINT('',(-1.55,-1.925,1.5975));
#3407 = LINE('',#3408,#3409);
#3408 = CARTESIAN_POINT('',(0.,-1.925,1.5975));
#3409 = VECTOR('',#3410,1.);
#3410 = DIRECTION('',(-1.,0.,0.));
#3411 = ORIENTED_EDGE('',*,*,#3412,.T.);
#3412 = EDGE_CURVE('',#3405,#3413,#3415,.T.);
#3413 = VERTEX_POINT('',#3414);
#3414 = CARTESIAN_POINT('',(-1.55,-1.925,1.4975));
#3415 = LINE('',#3416,#3417);
#3416 = CARTESIAN_POINT('',(-1.55,-1.925,0.));
#3417 = VECTOR('',#3418,1.);
#3418 = DIRECTION('',(0.,0.,-1.));
#3419 = ORIENTED_EDGE('',*,*,#3420,.T.);
#3420 = EDGE_CURVE('',#3413,#3395,#3421,.T.);
#3421 = LINE('',#3422,#3423);
#3422 = CARTESIAN_POINT('',(0.,-1.925,1.4975));
#3423 = VECTOR('',#3424,1.);
#3424 = DIRECTION('',(1.,0.,0.));
#3425 = PLANE('',#3426);
#3426 = AXIS2_PLACEMENT_3D('',#3427,#3428,#3429);
#3427 = CARTESIAN_POINT('',(0.,-1.925,0.));
#3428 = DIRECTION('',(0.,1.,0.));
#3429 = DIRECTION('',(0.,-0.,1.));
#3430 = ADVANCED_FACE('',(#3431),#3456,.F.);
#3431 = FACE_BOUND('',#3432,.T.);
#3432 = EDGE_LOOP('',(#3433,#3441,#3449,#3455));
#3433 = ORIENTED_EDGE('',*,*,#3434,.F.);
#3434 = EDGE_CURVE('',#3435,#2402,#3437,.T.);
#3435 = VERTEX_POINT('',#3436);
#3436 = CARTESIAN_POINT('',(0.6,-1.875,1.6475));
#3437 = LINE('',#3438,#3439);
#3438 = CARTESIAN_POINT('',(0.6,-1.925,1.6475));
#3439 = VECTOR('',#3440,1.);
#3440 = DIRECTION('',(0.,1.,0.));
#3441 = ORIENTED_EDGE('',*,*,#3442,.T.);
#3442 = EDGE_CURVE('',#3435,#3443,#3445,.T.);
#3443 = VERTEX_POINT('',#3444);
#3444 = CARTESIAN_POINT('',(0.6,-1.875,1.4475));
#3445 = LINE('',#3446,#3447);
#3446 = CARTESIAN_POINT('',(0.6,-1.875,1.4475));
#3447 = VECTOR('',#3448,1.);
#3448 = DIRECTION('',(0.,0.,-1.));
#3449 = ORIENTED_EDGE('',*,*,#3450,.T.);
#3450 = EDGE_CURVE('',#3443,#2400,#3451,.T.);
#3451 = LINE('',#3452,#3453);
#3452 = CARTESIAN_POINT('',(0.6,-1.925,1.4475));
#3453 = VECTOR('',#3454,1.);
#3454 = DIRECTION('',(0.,1.,0.));
#3455 = ORIENTED_EDGE('',*,*,#2399,.T.);
#3456 = PLANE('',#3457);
#3457 = AXIS2_PLACEMENT_3D('',#3458,#3459,#3460);
#3458 = CARTESIAN_POINT('',(0.6,-1.925,1.4475));
#3459 = DIRECTION('',(-1.,0.,0.));
#3460 = DIRECTION('',(0.,0.,1.));
#3461 = ADVANCED_FACE('',(#3462),#3480,.F.);
#3462 = FACE_BOUND('',#3463,.T.);
#3463 = EDGE_LOOP('',(#3464,#3472,#3478,#3479));
#3464 = ORIENTED_EDGE('',*,*,#3465,.F.);
#3465 = EDGE_CURVE('',#3466,#2418,#3468,.T.);
#3466 = VERTEX_POINT('',#3467);
#3467 = CARTESIAN_POINT('',(0.4,-1.875,1.6475));
#3468 = LINE('',#3469,#3470);
#3469 = CARTESIAN_POINT('',(0.4,-1.925,1.6475));
#3470 = VECTOR('',#3471,1.);
#3471 = DIRECTION('',(0.,1.,0.));
#3472 = ORIENTED_EDGE('',*,*,#3473,.T.);
#3473 = EDGE_CURVE('',#3466,#3435,#3474,.T.);
#3474 = LINE('',#3475,#3476);
#3475 = CARTESIAN_POINT('',(0.4,-1.875,1.6475));
#3476 = VECTOR('',#3477,1.);
#3477 = DIRECTION('',(1.,0.,0.));
#3478 = ORIENTED_EDGE('',*,*,#3434,.T.);
#3479 = ORIENTED_EDGE('',*,*,#2425,.T.);
#3480 = PLANE('',#3481);
#3481 = AXIS2_PLACEMENT_3D('',#3482,#3483,#3484);
#3482 = CARTESIAN_POINT('',(0.4,-1.925,1.6475));
#3483 = DIRECTION('',(0.,0.,-1.));
#3484 = DIRECTION('',(-1.,0.,0.));
#3485 = ADVANCED_FACE('',(#3486),#3504,.F.);
#3486 = FACE_BOUND('',#3487,.T.);
#3487 = EDGE_LOOP('',(#3488,#3496,#3502,#3503));
#3488 = ORIENTED_EDGE('',*,*,#3489,.F.);
#3489 = EDGE_CURVE('',#3490,#2410,#3492,.T.);
#3490 = VERTEX_POINT('',#3491);
#3491 = CARTESIAN_POINT('',(0.4,-1.875,1.4475));
#3492 = LINE('',#3493,#3494);
#3493 = CARTESIAN_POINT('',(0.4,-1.925,1.4475));
#3494 = VECTOR('',#3495,1.);
#3495 = DIRECTION('',(0.,1.,0.));
#3496 = ORIENTED_EDGE('',*,*,#3497,.T.);
#3497 = EDGE_CURVE('',#3490,#3466,#3498,.T.);
#3498 = LINE('',#3499,#3500);
#3499 = CARTESIAN_POINT('',(0.4,-1.875,1.4475));
#3500 = VECTOR('',#3501,1.);
#3501 = DIRECTION('',(0.,0.,1.));
#3502 = ORIENTED_EDGE('',*,*,#3465,.T.);
#3503 = ORIENTED_EDGE('',*,*,#2417,.T.);
#3504 = PLANE('',#3505);
#3505 = AXIS2_PLACEMENT_3D('',#3506,#3507,#3508);
#3506 = CARTESIAN_POINT('',(0.4,-1.925,1.4475));
#3507 = DIRECTION('',(1.,0.,0.));
#3508 = DIRECTION('',(0.,0.,-1.));
#3509 = ADVANCED_FACE('',(#3510),#3521,.F.);
#3510 = FACE_BOUND('',#3511,.T.);
#3511 = EDGE_LOOP('',(#3512,#3513,#3519,#3520));
#3512 = ORIENTED_EDGE('',*,*,#3450,.F.);
#3513 = ORIENTED_EDGE('',*,*,#3514,.T.);
#3514 = EDGE_CURVE('',#3443,#3490,#3515,.T.);
#3515 = LINE('',#3516,#3517);
#3516 = CARTESIAN_POINT('',(0.4,-1.875,1.4475));
#3517 = VECTOR('',#3518,1.);
#3518 = DIRECTION('',(-1.,0.,0.));
#3519 = ORIENTED_EDGE('',*,*,#3489,.T.);
#3520 = ORIENTED_EDGE('',*,*,#2409,.T.);
#3521 = PLANE('',#3522);
#3522 = AXIS2_PLACEMENT_3D('',#3523,#3524,#3525);
#3523 = CARTESIAN_POINT('',(0.4,-1.925,1.4475));
#3524 = DIRECTION('',(0.,0.,1.));
#3525 = DIRECTION('',(1.,0.,-0.));
#3526 = ADVANCED_FACE('',(#3527),#3561,.F.);
#3527 = FACE_BOUND('',#3528,.T.);
#3528 = EDGE_LOOP('',(#3529,#3539,#3547,#3555));
#3529 = ORIENTED_EDGE('',*,*,#3530,.T.);
#3530 = EDGE_CURVE('',#3531,#3533,#3535,.T.);
#3531 = VERTEX_POINT('',#3532);
#3532 = CARTESIAN_POINT('',(0.45,-1.925,1.5975));
#3533 = VERTEX_POINT('',#3534);
#3534 = CARTESIAN_POINT('',(0.45,-1.925,1.4975));
#3535 = LINE('',#3536,#3537);
#3536 = CARTESIAN_POINT('',(0.45,-1.925,0.));
#3537 = VECTOR('',#3538,1.);
#3538 = DIRECTION('',(0.,0.,-1.));
#3539 = ORIENTED_EDGE('',*,*,#3540,.T.);
#3540 = EDGE_CURVE('',#3533,#3541,#3543,.T.);
#3541 = VERTEX_POINT('',#3542);
#3542 = CARTESIAN_POINT('',(0.55,-1.925,1.4975));
#3543 = LINE('',#3544,#3545);
#3544 = CARTESIAN_POINT('',(0.,-1.925,1.4975));
#3545 = VECTOR('',#3546,1.);
#3546 = DIRECTION('',(1.,0.,0.));
#3547 = ORIENTED_EDGE('',*,*,#3548,.T.);
#3548 = EDGE_CURVE('',#3541,#3549,#3551,.T.);
#3549 = VERTEX_POINT('',#3550);
#3550 = CARTESIAN_POINT('',(0.55,-1.925,1.5975));
#3551 = LINE('',#3552,#3553);
#3552 = CARTESIAN_POINT('',(0.55,-1.925,0.));
#3553 = VECTOR('',#3554,1.);
#3554 = DIRECTION('',(0.,0.,1.));
#3555 = ORIENTED_EDGE('',*,*,#3556,.T.);
#3556 = EDGE_CURVE('',#3549,#3531,#3557,.T.);
#3557 = LINE('',#3558,#3559);
#3558 = CARTESIAN_POINT('',(0.,-1.925,1.5975));
#3559 = VECTOR('',#3560,1.);
#3560 = DIRECTION('',(-1.,0.,0.));
#3561 = PLANE('',#3562);
#3562 = AXIS2_PLACEMENT_3D('',#3563,#3564,#3565);
#3563 = CARTESIAN_POINT('',(0.,-1.925,0.));
#3564 = DIRECTION('',(0.,1.,0.));
#3565 = DIRECTION('',(0.,-0.,1.));
#3566 = ADVANCED_FACE('',(#3567),#3592,.F.);
#3567 = FACE_BOUND('',#3568,.T.);
#3568 = EDGE_LOOP('',(#3569,#3577,#3585,#3591));
#3569 = ORIENTED_EDGE('',*,*,#3570,.F.);
#3570 = EDGE_CURVE('',#3571,#2368,#3573,.T.);
#3571 = VERTEX_POINT('',#3572);
#3572 = CARTESIAN_POINT('',(1.6,-1.875,1.6475));
#3573 = LINE('',#3574,#3575);
#3574 = CARTESIAN_POINT('',(1.6,-1.925,1.6475));
#3575 = VECTOR('',#3576,1.);
#3576 = DIRECTION('',(0.,1.,0.));
#3577 = ORIENTED_EDGE('',*,*,#3578,.T.);
#3578 = EDGE_CURVE('',#3571,#3579,#3581,.T.);
#3579 = VERTEX_POINT('',#3580);
#3580 = CARTESIAN_POINT('',(1.6,-1.875,1.4475));
#3581 = LINE('',#3582,#3583);
#3582 = CARTESIAN_POINT('',(1.6,-1.875,1.4475));
#3583 = VECTOR('',#3584,1.);
#3584 = DIRECTION('',(0.,0.,-1.));
#3585 = ORIENTED_EDGE('',*,*,#3586,.T.);
#3586 = EDGE_CURVE('',#3579,#2366,#3587,.T.);
#3587 = LINE('',#3588,#3589);
#3588 = CARTESIAN_POINT('',(1.6,-1.925,1.4475));
#3589 = VECTOR('',#3590,1.);
#3590 = DIRECTION('',(0.,1.,0.));
#3591 = ORIENTED_EDGE('',*,*,#2365,.T.);
#3592 = PLANE('',#3593);
#3593 = AXIS2_PLACEMENT_3D('',#3594,#3595,#3596);
#3594 = CARTESIAN_POINT('',(1.6,-1.925,1.4475));
#3595 = DIRECTION('',(-1.,0.,0.));
#3596 = DIRECTION('',(0.,0.,1.));
#3597 = ADVANCED_FACE('',(#3598),#3616,.F.);
#3598 = FACE_BOUND('',#3599,.T.);
#3599 = EDGE_LOOP('',(#3600,#3608,#3614,#3615));
#3600 = ORIENTED_EDGE('',*,*,#3601,.F.);
#3601 = EDGE_CURVE('',#3602,#2384,#3604,.T.);
#3602 = VERTEX_POINT('',#3603);
#3603 = CARTESIAN_POINT('',(1.4,-1.875,1.6475));
#3604 = LINE('',#3605,#3606);
#3605 = CARTESIAN_POINT('',(1.4,-1.925,1.6475));
#3606 = VECTOR('',#3607,1.);
#3607 = DIRECTION('',(0.,1.,0.));
#3608 = ORIENTED_EDGE('',*,*,#3609,.T.);
#3609 = EDGE_CURVE('',#3602,#3571,#3610,.T.);
#3610 = LINE('',#3611,#3612);
#3611 = CARTESIAN_POINT('',(1.4,-1.875,1.6475));
#3612 = VECTOR('',#3613,1.);
#3613 = DIRECTION('',(1.,0.,0.));
#3614 = ORIENTED_EDGE('',*,*,#3570,.T.);
#3615 = ORIENTED_EDGE('',*,*,#2391,.T.);
#3616 = PLANE('',#3617);
#3617 = AXIS2_PLACEMENT_3D('',#3618,#3619,#3620);
#3618 = CARTESIAN_POINT('',(1.4,-1.925,1.6475));
#3619 = DIRECTION('',(0.,0.,-1.));
#3620 = DIRECTION('',(-1.,0.,0.));
#3621 = ADVANCED_FACE('',(#3622),#3640,.F.);
#3622 = FACE_BOUND('',#3623,.T.);
#3623 = EDGE_LOOP('',(#3624,#3632,#3638,#3639));
#3624 = ORIENTED_EDGE('',*,*,#3625,.F.);
#3625 = EDGE_CURVE('',#3626,#2376,#3628,.T.);
#3626 = VERTEX_POINT('',#3627);
#3627 = CARTESIAN_POINT('',(1.4,-1.875,1.4475));
#3628 = LINE('',#3629,#3630);
#3629 = CARTESIAN_POINT('',(1.4,-1.925,1.4475));
#3630 = VECTOR('',#3631,1.);
#3631 = DIRECTION('',(0.,1.,0.));
#3632 = ORIENTED_EDGE('',*,*,#3633,.T.);
#3633 = EDGE_CURVE('',#3626,#3602,#3634,.T.);
#3634 = LINE('',#3635,#3636);
#3635 = CARTESIAN_POINT('',(1.4,-1.875,1.4475));
#3636 = VECTOR('',#3637,1.);
#3637 = DIRECTION('',(0.,0.,1.));
#3638 = ORIENTED_EDGE('',*,*,#3601,.T.);
#3639 = ORIENTED_EDGE('',*,*,#2383,.T.);
#3640 = PLANE('',#3641);
#3641 = AXIS2_PLACEMENT_3D('',#3642,#3643,#3644);
#3642 = CARTESIAN_POINT('',(1.4,-1.925,1.4475));
#3643 = DIRECTION('',(1.,0.,0.));
#3644 = DIRECTION('',(0.,0.,-1.));
#3645 = ADVANCED_FACE('',(#3646),#3657,.F.);
#3646 = FACE_BOUND('',#3647,.T.);
#3647 = EDGE_LOOP('',(#3648,#3649,#3655,#3656));
#3648 = ORIENTED_EDGE('',*,*,#3586,.F.);
#3649 = ORIENTED_EDGE('',*,*,#3650,.T.);
#3650 = EDGE_CURVE('',#3579,#3626,#3651,.T.);
#3651 = LINE('',#3652,#3653);
#3652 = CARTESIAN_POINT('',(1.4,-1.875,1.4475));
#3653 = VECTOR('',#3654,1.);
#3654 = DIRECTION('',(-1.,0.,0.));
#3655 = ORIENTED_EDGE('',*,*,#3625,.T.);
#3656 = ORIENTED_EDGE('',*,*,#2375,.T.);
#3657 = PLANE('',#3658);
#3658 = AXIS2_PLACEMENT_3D('',#3659,#3660,#3661);
#3659 = CARTESIAN_POINT('',(1.4,-1.925,1.4475));
#3660 = DIRECTION('',(0.,0.,1.));
#3661 = DIRECTION('',(1.,0.,-0.));
#3662 = ADVANCED_FACE('',(#3663),#3697,.F.);
#3663 = FACE_BOUND('',#3664,.T.);
#3664 = EDGE_LOOP('',(#3665,#3675,#3683,#3691));
#3665 = ORIENTED_EDGE('',*,*,#3666,.T.);
#3666 = EDGE_CURVE('',#3667,#3669,#3671,.T.);
#3667 = VERTEX_POINT('',#3668);
#3668 = CARTESIAN_POINT('',(1.45,-1.925,1.5975));
#3669 = VERTEX_POINT('',#3670);
#3670 = CARTESIAN_POINT('',(1.45,-1.925,1.4975));
#3671 = LINE('',#3672,#3673);
#3672 = CARTESIAN_POINT('',(1.45,-1.925,0.));
#3673 = VECTOR('',#3674,1.);
#3674 = DIRECTION('',(0.,0.,-1.));
#3675 = ORIENTED_EDGE('',*,*,#3676,.T.);
#3676 = EDGE_CURVE('',#3669,#3677,#3679,.T.);
#3677 = VERTEX_POINT('',#3678);
#3678 = CARTESIAN_POINT('',(1.55,-1.925,1.4975));
#3679 = LINE('',#3680,#3681);
#3680 = CARTESIAN_POINT('',(0.,-1.925,1.4975));
#3681 = VECTOR('',#3682,1.);
#3682 = DIRECTION('',(1.,0.,0.));
#3683 = ORIENTED_EDGE('',*,*,#3684,.T.);
#3684 = EDGE_CURVE('',#3677,#3685,#3687,.T.);
#3685 = VERTEX_POINT('',#3686);
#3686 = CARTESIAN_POINT('',(1.55,-1.925,1.5975));
#3687 = LINE('',#3688,#3689);
#3688 = CARTESIAN_POINT('',(1.55,-1.925,0.));
#3689 = VECTOR('',#3690,1.);
#3690 = DIRECTION('',(0.,0.,1.));
#3691 = ORIENTED_EDGE('',*,*,#3692,.T.);
#3692 = EDGE_CURVE('',#3685,#3667,#3693,.T.);
#3693 = LINE('',#3694,#3695);
#3694 = CARTESIAN_POINT('',(0.,-1.925,1.5975));
#3695 = VECTOR('',#3696,1.);
#3696 = DIRECTION('',(-1.,0.,0.));
#3697 = PLANE('',#3698);
#3698 = AXIS2_PLACEMENT_3D('',#3699,#3700,#3701);
#3699 = CARTESIAN_POINT('',(0.,-1.925,0.));
#3700 = DIRECTION('',(0.,1.,0.));
#3701 = DIRECTION('',(0.,-0.,1.));
#3702 = ADVANCED_FACE('',(#3703),#3719,.F.);
#3703 = FACE_BOUND('',#3704,.T.);
#3704 = EDGE_LOOP('',(#3705,#3711,#3712,#3718));
#3705 = ORIENTED_EDGE('',*,*,#3706,.F.);
#3706 = EDGE_CURVE('',#3571,#3685,#3707,.T.);
#3707 = LINE('',#3708,#3709);
#3708 = CARTESIAN_POINT('',(1.033333333333,-2.441666666667,
    1.080833333333));
#3709 = VECTOR('',#3710,1.);
#3710 = DIRECTION('',(-0.57735026919,-0.57735026919,-0.57735026919));
#3711 = ORIENTED_EDGE('',*,*,#3609,.F.);
#3712 = ORIENTED_EDGE('',*,*,#3713,.F.);
#3713 = EDGE_CURVE('',#3667,#3602,#3714,.T.);
#3714 = LINE('',#3715,#3716);
#3715 = CARTESIAN_POINT('',(1.9825,-2.4575,1.065));
#3716 = VECTOR('',#3717,1.);
#3717 = DIRECTION('',(-0.57735026919,0.57735026919,0.57735026919));
#3718 = ORIENTED_EDGE('',*,*,#3692,.F.);
#3719 = PLANE('',#3720);
#3720 = AXIS2_PLACEMENT_3D('',#3721,#3722,#3723);
#3721 = CARTESIAN_POINT('',(0.,-1.925,1.5975));
#3722 = DIRECTION('',(0.,0.707106781187,-0.707106781187));
#3723 = DIRECTION('',(-1.,0.,0.));
#3724 = ADVANCED_FACE('',(#3725),#3736,.F.);
#3725 = FACE_BOUND('',#3726,.T.);
#3726 = EDGE_LOOP('',(#3727,#3728,#3729,#3735));
#3727 = ORIENTED_EDGE('',*,*,#3713,.T.);
#3728 = ORIENTED_EDGE('',*,*,#3633,.F.);
#3729 = ORIENTED_EDGE('',*,*,#3730,.F.);
#3730 = EDGE_CURVE('',#3669,#3626,#3731,.T.);
#3731 = LINE('',#3732,#3733);
#3732 = CARTESIAN_POINT('',(0.950833333333,-1.425833333333,
    0.998333333333));
#3733 = VECTOR('',#3734,1.);
#3734 = DIRECTION('',(-0.57735026919,0.57735026919,-0.57735026919));
#3735 = ORIENTED_EDGE('',*,*,#3666,.F.);
#3736 = PLANE('',#3737);
#3737 = AXIS2_PLACEMENT_3D('',#3738,#3739,#3740);
#3738 = CARTESIAN_POINT('',(1.45,-1.925,0.));
#3739 = DIRECTION('',(0.707106781187,0.707106781187,0.));
#3740 = DIRECTION('',(0.,0.,-1.));
#3741 = ADVANCED_FACE('',(#3742),#3753,.F.);
#3742 = FACE_BOUND('',#3743,.T.);
#3743 = EDGE_LOOP('',(#3744,#3745,#3746,#3752));
#3744 = ORIENTED_EDGE('',*,*,#3706,.T.);
#3745 = ORIENTED_EDGE('',*,*,#3684,.F.);
#3746 = ORIENTED_EDGE('',*,*,#3747,.F.);
#3747 = EDGE_CURVE('',#3579,#3677,#3748,.T.);
#3748 = LINE('',#3749,#3750);
#3749 = CARTESIAN_POINT('',(2.049166666667,-1.425833333333,
    0.998333333333));
#3750 = VECTOR('',#3751,1.);
#3751 = DIRECTION('',(-0.57735026919,-0.57735026919,0.57735026919));
#3752 = ORIENTED_EDGE('',*,*,#3578,.F.);
#3753 = PLANE('',#3754);
#3754 = AXIS2_PLACEMENT_3D('',#3755,#3756,#3757);
#3755 = CARTESIAN_POINT('',(1.55,-1.925,0.));
#3756 = DIRECTION('',(-0.707106781187,0.707106781187,0.));
#3757 = DIRECTION('',(0.,0.,1.));
#3758 = ADVANCED_FACE('',(#3759),#3765,.F.);
#3759 = FACE_BOUND('',#3760,.T.);
#3760 = EDGE_LOOP('',(#3761,#3762,#3763,#3764));
#3761 = ORIENTED_EDGE('',*,*,#3730,.T.);
#3762 = ORIENTED_EDGE('',*,*,#3650,.F.);
#3763 = ORIENTED_EDGE('',*,*,#3747,.T.);
#3764 = ORIENTED_EDGE('',*,*,#3676,.F.);
#3765 = PLANE('',#3766);
#3766 = AXIS2_PLACEMENT_3D('',#3767,#3768,#3769);
#3767 = CARTESIAN_POINT('',(0.,-1.925,1.4975));
#3768 = DIRECTION('',(0.,0.707106781187,0.707106781187));
#3769 = DIRECTION('',(1.,0.,-0.));
#3770 = ADVANCED_FACE('',(#3771),#3787,.F.);
#3771 = FACE_BOUND('',#3772,.T.);
#3772 = EDGE_LOOP('',(#3773,#3779,#3780,#3786));
#3773 = ORIENTED_EDGE('',*,*,#3774,.F.);
#3774 = EDGE_CURVE('',#3435,#3549,#3775,.T.);
#3775 = LINE('',#3776,#3777);
#3776 = CARTESIAN_POINT('',(0.366666666667,-2.108333333333,
    1.414166666667));
#3777 = VECTOR('',#3778,1.);
#3778 = DIRECTION('',(-0.57735026919,-0.57735026919,-0.57735026919));
#3779 = ORIENTED_EDGE('',*,*,#3473,.F.);
#3780 = ORIENTED_EDGE('',*,*,#3781,.F.);
#3781 = EDGE_CURVE('',#3531,#3466,#3782,.T.);
#3782 = LINE('',#3783,#3784);
#3783 = CARTESIAN_POINT('',(0.9825,-2.4575,1.065));
#3784 = VECTOR('',#3785,1.);
#3785 = DIRECTION('',(-0.57735026919,0.57735026919,0.57735026919));
#3786 = ORIENTED_EDGE('',*,*,#3556,.F.);
#3787 = PLANE('',#3788);
#3788 = AXIS2_PLACEMENT_3D('',#3789,#3790,#3791);
#3789 = CARTESIAN_POINT('',(0.,-1.925,1.5975));
#3790 = DIRECTION('',(0.,0.707106781187,-0.707106781187));
#3791 = DIRECTION('',(-1.,0.,0.));
#3792 = ADVANCED_FACE('',(#3793),#3804,.F.);
#3793 = FACE_BOUND('',#3794,.T.);
#3794 = EDGE_LOOP('',(#3795,#3796,#3797,#3803));
#3795 = ORIENTED_EDGE('',*,*,#3781,.T.);
#3796 = ORIENTED_EDGE('',*,*,#3497,.F.);
#3797 = ORIENTED_EDGE('',*,*,#3798,.F.);
#3798 = EDGE_CURVE('',#3533,#3490,#3799,.T.);
#3799 = LINE('',#3800,#3801);
#3800 = CARTESIAN_POINT('',(-4.916666666666E-02,-1.425833333333,
    0.998333333333));
#3801 = VECTOR('',#3802,1.);
#3802 = DIRECTION('',(-0.57735026919,0.57735026919,-0.57735026919));
#3803 = ORIENTED_EDGE('',*,*,#3530,.F.);
#3804 = PLANE('',#3805);
#3805 = AXIS2_PLACEMENT_3D('',#3806,#3807,#3808);
#3806 = CARTESIAN_POINT('',(0.45,-1.925,0.));
#3807 = DIRECTION('',(0.707106781187,0.707106781187,0.));
#3808 = DIRECTION('',(0.,0.,-1.));
#3809 = ADVANCED_FACE('',(#3810),#3821,.F.);
#3810 = FACE_BOUND('',#3811,.T.);
#3811 = EDGE_LOOP('',(#3812,#3813,#3814,#3820));
#3812 = ORIENTED_EDGE('',*,*,#3774,.T.);
#3813 = ORIENTED_EDGE('',*,*,#3548,.F.);
#3814 = ORIENTED_EDGE('',*,*,#3815,.F.);
#3815 = EDGE_CURVE('',#3443,#3541,#3816,.T.);
#3816 = LINE('',#3817,#3818);
#3817 = CARTESIAN_POINT('',(1.049166666667,-1.425833333333,
    0.998333333333));
#3818 = VECTOR('',#3819,1.);
#3819 = DIRECTION('',(-0.57735026919,-0.57735026919,0.57735026919));
#3820 = ORIENTED_EDGE('',*,*,#3442,.F.);
#3821 = PLANE('',#3822);
#3822 = AXIS2_PLACEMENT_3D('',#3823,#3824,#3825);
#3823 = CARTESIAN_POINT('',(0.55,-1.925,0.));
#3824 = DIRECTION('',(-0.707106781187,0.707106781187,0.));
#3825 = DIRECTION('',(0.,0.,1.));
#3826 = ADVANCED_FACE('',(#3827),#3833,.F.);
#3827 = FACE_BOUND('',#3828,.T.);
#3828 = EDGE_LOOP('',(#3829,#3830,#3831,#3832));
#3829 = ORIENTED_EDGE('',*,*,#3798,.T.);
#3830 = ORIENTED_EDGE('',*,*,#3514,.F.);
#3831 = ORIENTED_EDGE('',*,*,#3815,.T.);
#3832 = ORIENTED_EDGE('',*,*,#3540,.F.);
#3833 = PLANE('',#3834);
#3834 = AXIS2_PLACEMENT_3D('',#3835,#3836,#3837);
#3835 = CARTESIAN_POINT('',(0.,-1.925,1.4975));
#3836 = DIRECTION('',(0.,0.707106781187,0.707106781187));
#3837 = DIRECTION('',(1.,0.,-0.));
#3838 = ADVANCED_FACE('',(#3839),#3855,.F.);
#3839 = FACE_BOUND('',#3840,.T.);
#3840 = EDGE_LOOP('',(#3841,#3847,#3848,#3854));
#3841 = ORIENTED_EDGE('',*,*,#3842,.F.);
#3842 = EDGE_CURVE('',#3171,#3277,#3843,.T.);
#3843 = LINE('',#3844,#3845);
#3844 = CARTESIAN_POINT('',(-0.3,-1.775,1.3475));
#3845 = VECTOR('',#3846,1.);
#3846 = DIRECTION('',(-0.57735026919,-0.57735026919,0.57735026919));
#3847 = ORIENTED_EDGE('',*,*,#3170,.F.);
#3848 = ORIENTED_EDGE('',*,*,#3849,.F.);
#3849 = EDGE_CURVE('',#3259,#3163,#3850,.T.);
#3850 = LINE('',#3851,#3852);
#3851 = CARTESIAN_POINT('',(-0.9825,-2.4575,1.065));
#3852 = VECTOR('',#3853,1.);
#3853 = DIRECTION('',(0.57735026919,0.57735026919,0.57735026919));
#3854 = ORIENTED_EDGE('',*,*,#3284,.F.);
#3855 = PLANE('',#3856);
#3856 = AXIS2_PLACEMENT_3D('',#3857,#3858,#3859);
#3857 = CARTESIAN_POINT('',(-0.45,-1.925,-1.219727444046E-16));
#3858 = DIRECTION('',(-0.707106781187,0.707106781187,-1.916616770854E-16
    ));
#3859 = DIRECTION('',(-2.710505431214E-16,-3.20474742746E-31,1.));
#3860 = ADVANCED_FACE('',(#3861),#3872,.F.);
#3861 = FACE_BOUND('',#3862,.T.);
#3862 = EDGE_LOOP('',(#3863,#3864,#3865,#3871));
#3863 = ORIENTED_EDGE('',*,*,#3849,.T.);
#3864 = ORIENTED_EDGE('',*,*,#3201,.F.);
#3865 = ORIENTED_EDGE('',*,*,#3866,.F.);
#3866 = EDGE_CURVE('',#3261,#3194,#3867,.T.);
#3867 = LINE('',#3868,#3869);
#3868 = CARTESIAN_POINT('',(-0.366666666667,-2.108333333333,
    1.414166666667));
#3869 = VECTOR('',#3870,1.);
#3870 = DIRECTION('',(-0.57735026919,0.57735026919,0.57735026919));
#3871 = ORIENTED_EDGE('',*,*,#3258,.F.);
#3872 = PLANE('',#3873);
#3873 = AXIS2_PLACEMENT_3D('',#3874,#3875,#3876);
#3874 = CARTESIAN_POINT('',(0.,-1.925,1.5975));
#3875 = DIRECTION('',(0.,0.707106781187,-0.707106781187));
#3876 = DIRECTION('',(-1.,0.,0.));
#3877 = ADVANCED_FACE('',(#3878),#3889,.F.);
#3878 = FACE_BOUND('',#3879,.T.);
#3879 = EDGE_LOOP('',(#3880,#3881,#3882,#3888));
#3880 = ORIENTED_EDGE('',*,*,#3842,.T.);
#3881 = ORIENTED_EDGE('',*,*,#3276,.F.);
#3882 = ORIENTED_EDGE('',*,*,#3883,.F.);
#3883 = EDGE_CURVE('',#3218,#3269,#3884,.T.);
#3884 = LINE('',#3885,#3886);
#3885 = CARTESIAN_POINT('',(-0.366666666667,-2.108333333333,
    1.680833333333));
#3886 = VECTOR('',#3887,1.);
#3887 = DIRECTION('',(0.57735026919,-0.57735026919,0.57735026919));
#3888 = ORIENTED_EDGE('',*,*,#3242,.F.);
#3889 = PLANE('',#3890);
#3890 = AXIS2_PLACEMENT_3D('',#3891,#3892,#3893);
#3891 = CARTESIAN_POINT('',(0.,-1.925,1.4975));
#3892 = DIRECTION('',(0.,0.707106781187,0.707106781187));
#3893 = DIRECTION('',(1.,0.,-0.));
#3894 = ADVANCED_FACE('',(#3895),#3901,.F.);
#3895 = FACE_BOUND('',#3896,.T.);
#3896 = EDGE_LOOP('',(#3897,#3898,#3899,#3900));
#3897 = ORIENTED_EDGE('',*,*,#3866,.T.);
#3898 = ORIENTED_EDGE('',*,*,#3225,.F.);
#3899 = ORIENTED_EDGE('',*,*,#3883,.T.);
#3900 = ORIENTED_EDGE('',*,*,#3268,.F.);
#3901 = PLANE('',#3902);
#3902 = AXIS2_PLACEMENT_3D('',#3903,#3904,#3905);
#3903 = CARTESIAN_POINT('',(-0.55,-1.925,0.));
#3904 = DIRECTION('',(0.707106781187,0.707106781187,0.));
#3905 = DIRECTION('',(0.,0.,-1.));
#3906 = ADVANCED_FACE('',(#3907),#3923,.F.);
#3907 = FACE_BOUND('',#3908,.T.);
#3908 = EDGE_LOOP('',(#3909,#3915,#3916,#3922));
#3909 = ORIENTED_EDGE('',*,*,#3910,.F.);
#3910 = EDGE_CURVE('',#3354,#3413,#3911,.T.);
#3911 = LINE('',#3912,#3913);
#3912 = CARTESIAN_POINT('',(-1.033333333333,-2.441666666667,
    2.014166666667));
#3913 = VECTOR('',#3914,1.);
#3914 = DIRECTION('',(0.57735026919,-0.57735026919,0.57735026919));
#3915 = ORIENTED_EDGE('',*,*,#3378,.F.);
#3916 = ORIENTED_EDGE('',*,*,#3917,.F.);
#3917 = EDGE_CURVE('',#3395,#3307,#3918,.T.);
#3918 = LINE('',#3919,#3920);
#3919 = CARTESIAN_POINT('',(-0.966666666667,-1.441666666667,
    1.014166666667));
#3920 = VECTOR('',#3921,1.);
#3921 = DIRECTION('',(0.57735026919,0.57735026919,-0.57735026919));
#3922 = ORIENTED_EDGE('',*,*,#3420,.F.);
#3923 = PLANE('',#3924);
#3924 = AXIS2_PLACEMENT_3D('',#3925,#3926,#3927);
#3925 = CARTESIAN_POINT('',(0.,-1.925,1.4975));
#3926 = DIRECTION('',(0.,0.707106781187,0.707106781187));
#3927 = DIRECTION('',(1.,0.,-0.));
#3928 = ADVANCED_FACE('',(#3929),#3940,.F.);
#3929 = FACE_BOUND('',#3930,.T.);
#3930 = EDGE_LOOP('',(#3931,#3932,#3933,#3939));
#3931 = ORIENTED_EDGE('',*,*,#3917,.T.);
#3932 = ORIENTED_EDGE('',*,*,#3306,.F.);
#3933 = ORIENTED_EDGE('',*,*,#3934,.F.);
#3934 = EDGE_CURVE('',#3397,#3299,#3935,.T.);
#3935 = LINE('',#3936,#3937);
#3936 = CARTESIAN_POINT('',(-1.9825,-2.4575,1.065));
#3937 = VECTOR('',#3938,1.);
#3938 = DIRECTION('',(0.57735026919,0.57735026919,0.57735026919));
#3939 = ORIENTED_EDGE('',*,*,#3394,.F.);
#3940 = PLANE('',#3941);
#3941 = AXIS2_PLACEMENT_3D('',#3942,#3943,#3944);
#3942 = CARTESIAN_POINT('',(-1.45,-1.925,0.));
#3943 = DIRECTION('',(-0.707106781187,0.707106781187,0.));
#3944 = DIRECTION('',(0.,0.,1.));
#3945 = ADVANCED_FACE('',(#3946),#3957,.F.);
#3946 = FACE_BOUND('',#3947,.T.);
#3947 = EDGE_LOOP('',(#3948,#3949,#3950,#3956));
#3948 = ORIENTED_EDGE('',*,*,#3910,.T.);
#3949 = ORIENTED_EDGE('',*,*,#3412,.F.);
#3950 = ORIENTED_EDGE('',*,*,#3951,.F.);
#3951 = EDGE_CURVE('',#3330,#3405,#3952,.T.);
#3952 = LINE('',#3953,#3954);
#3953 = CARTESIAN_POINT('',(-1.0175,-2.4575,1.065));
#3954 = VECTOR('',#3955,1.);
#3955 = DIRECTION('',(0.57735026919,-0.57735026919,-0.57735026919));
#3956 = ORIENTED_EDGE('',*,*,#3361,.F.);
#3957 = PLANE('',#3958);
#3958 = AXIS2_PLACEMENT_3D('',#3959,#3960,#3961);
#3959 = CARTESIAN_POINT('',(-1.55,-1.925,0.));
#3960 = DIRECTION('',(0.707106781187,0.707106781187,0.));
#3961 = DIRECTION('',(0.,0.,-1.));
#3962 = ADVANCED_FACE('',(#3963),#3969,.F.);
#3963 = FACE_BOUND('',#3964,.T.);
#3964 = EDGE_LOOP('',(#3965,#3966,#3967,#3968));
#3965 = ORIENTED_EDGE('',*,*,#3934,.T.);
#3966 = ORIENTED_EDGE('',*,*,#3337,.F.);
#3967 = ORIENTED_EDGE('',*,*,#3951,.T.);
#3968 = ORIENTED_EDGE('',*,*,#3404,.F.);
#3969 = PLANE('',#3970);
#3970 = AXIS2_PLACEMENT_3D('',#3971,#3972,#3973);
#3971 = CARTESIAN_POINT('',(0.,-1.925,1.5975));
#3972 = DIRECTION('',(0.,0.707106781187,-0.707106781187));
#3973 = DIRECTION('',(-1.,0.,0.));
#3974 = ( GEOMETRIC_REPRESENTATION_CONTEXT(3) 
GLOBAL_UNCERTAINTY_ASSIGNED_CONTEXT((#3978)) 
GLOBAL_UNIT_ASSIGNED_CONTEXT((#3975,#3976,#3977)) REPRESENTATION_CONTEXT
('Context #1','3D Context with UNIT and UNCERTAINTY') );
#3975 = ( LENGTH_UNIT() NAMED_UNIT(*) SI_UNIT(.MILLI.,.METRE.) );
#3976 = ( NAMED_UNIT(*) PLANE_ANGLE_UNIT() SI_UNIT($,.RADIAN.) );
#3977 = ( NAMED_UNIT(*) SI_UNIT($,.STERADIAN.) SOLID_ANGLE_UNIT() );
#3978 = UNCERTAINTY_MEASURE_WITH_UNIT(LENGTH_MEASURE(1.E-07),#3975,
  'distance_accuracy_value','confusion accuracy');
#3979 = CONTEXT_DEPENDENT_SHAPE_REPRESENTATION(#3980,#3982);
#3980 = ( REPRESENTATION_RELATIONSHIP('','',#63,#40) 
REPRESENTATION_RELATIONSHIP_WITH_TRANSFORMATION(#3981) 
SHAPE_REPRESENTATION_RELATIONSHIP() );
#3981 = ITEM_DEFINED_TRANSFORMATION('','',#11,#41);
#3982 = PRODUCT_DEFINITION_SHAPE('Placement','Placement of an item',
  #3983);
#3983 = NEXT_ASSEMBLY_USAGE_OCCURRENCE('1','=>[0:1:1:3]','',#35,#58,$);
#3984 = PRODUCT_RELATED_PRODUCT_CATEGORY('part',$,(#60));
#3985 = CONTEXT_DEPENDENT_SHAPE_REPRESENTATION(#3986,#3988);
#3986 = ( REPRESENTATION_RELATIONSHIP('','',#40,#10) 
REPRESENTATION_RELATIONSHIP_WITH_TRANSFORMATION(#3987) 
SHAPE_REPRESENTATION_RELATIONSHIP() );
#3987 = ITEM_DEFINED_TRANSFORMATION('','',#11,#19);
#3988 = PRODUCT_DEFINITION_SHAPE('Placement','Placement of an item',
  #3989);
#3989 = NEXT_ASSEMBLY_USAGE_OCCURRENCE('3','K1','',#5,#35,$);
#3990 = SHAPE_DEFINITION_REPRESENTATION(#3991,#3997);
#3991 = PRODUCT_DEFINITION_SHAPE('','',#3992);
#3992 = PRODUCT_DEFINITION('design','',#3993,#3996);
#3993 = PRODUCT_DEFINITION_FORMATION('','',#3994);
#3994 = PRODUCT('qwiic adapter_PCB','qwiic adapter_PCB','',(#3995));
#3995 = PRODUCT_CONTEXT('',#2,'mechanical');
#3996 = PRODUCT_DEFINITION_CONTEXT('part definition',#2,'design');
#3997 = ADVANCED_BREP_SHAPE_REPRESENTATION('',(#11,#3998),#4444);
#3998 = MANIFOLD_SOLID_BREP('',#3999);
#3999 = CLOSED_SHELL('',(#4000,#4042,#4073,#4104,#4200,#4296,#4313,#4330
    ,#4347,#4364,#4376,#4393,#4410,#4427));
#4000 = ADVANCED_FACE('',(#4001),#4037,.T.);
#4001 = FACE_BOUND('',#4002,.T.);
#4002 = EDGE_LOOP('',(#4003,#4013,#4022,#4030));
#4003 = ORIENTED_EDGE('',*,*,#4004,.T.);
#4004 = EDGE_CURVE('',#4005,#4007,#4009,.T.);
#4005 = VERTEX_POINT('',#4006);
#4006 = CARTESIAN_POINT('',(19.9,11.4,0.));
#4007 = VERTEX_POINT('',#4008);
#4008 = CARTESIAN_POINT('',(19.9,11.4,2.63));
#4009 = LINE('',#4010,#4011);
#4010 = CARTESIAN_POINT('',(19.9,11.4,0.));
#4011 = VECTOR('',#4012,1.);
#4012 = DIRECTION('',(0.,0.,1.));
#4013 = ORIENTED_EDGE('',*,*,#4014,.T.);
#4014 = EDGE_CURVE('',#4007,#4015,#4017,.T.);
#4015 = VERTEX_POINT('',#4016);
#4016 = CARTESIAN_POINT('',(22.4,8.9,2.63));
#4017 = CIRCLE('',#4018,2.499999839417);
#4018 = AXIS2_PLACEMENT_3D('',#4019,#4020,#4021);
#4019 = CARTESIAN_POINT('',(19.900000160583,8.900000160583,2.63));
#4020 = DIRECTION('',(0.,0.,-1.));
#4021 = DIRECTION('',(-6.423314559831E-08,1.,0.));
#4022 = ORIENTED_EDGE('',*,*,#4023,.F.);
#4023 = EDGE_CURVE('',#4024,#4015,#4026,.T.);
#4024 = VERTEX_POINT('',#4025);
#4025 = CARTESIAN_POINT('',(22.4,8.9,0.));
#4026 = LINE('',#4027,#4028);
#4027 = CARTESIAN_POINT('',(22.4,8.9,0.));
#4028 = VECTOR('',#4029,1.);
#4029 = DIRECTION('',(0.,0.,1.));
#4030 = ORIENTED_EDGE('',*,*,#4031,.F.);
#4031 = EDGE_CURVE('',#4005,#4024,#4032,.T.);
#4032 = CIRCLE('',#4033,2.499999839417);
#4033 = AXIS2_PLACEMENT_3D('',#4034,#4035,#4036);
#4034 = CARTESIAN_POINT('',(19.900000160583,8.900000160583,0.));
#4035 = DIRECTION('',(0.,0.,-1.));
#4036 = DIRECTION('',(-6.423314559831E-08,1.,0.));
#4037 = CYLINDRICAL_SURFACE('',#4038,2.499999839417);
#4038 = AXIS2_PLACEMENT_3D('',#4039,#4040,#4041);
#4039 = CARTESIAN_POINT('',(19.900000160583,8.900000160583,0.));
#4040 = DIRECTION('',(0.,0.,-1.));
#4041 = DIRECTION('',(-6.423314559831E-08,1.,0.));
#4042 = ADVANCED_FACE('',(#4043),#4068,.T.);
#4043 = FACE_BOUND('',#4044,.T.);
#4044 = EDGE_LOOP('',(#4045,#4055,#4061,#4062));
#4045 = ORIENTED_EDGE('',*,*,#4046,.T.);
#4046 = EDGE_CURVE('',#4047,#4049,#4051,.T.);
#4047 = VERTEX_POINT('',#4048);
#4048 = CARTESIAN_POINT('',(2.5,11.4,0.));
#4049 = VERTEX_POINT('',#4050);
#4050 = CARTESIAN_POINT('',(2.5,11.4,2.63));
#4051 = LINE('',#4052,#4053);
#4052 = CARTESIAN_POINT('',(2.5,11.4,0.));
#4053 = VECTOR('',#4054,1.);
#4054 = DIRECTION('',(0.,0.,1.));
#4055 = ORIENTED_EDGE('',*,*,#4056,.T.);
#4056 = EDGE_CURVE('',#4049,#4007,#4057,.T.);
#4057 = LINE('',#4058,#4059);
#4058 = CARTESIAN_POINT('',(2.5,11.4,2.63));
#4059 = VECTOR('',#4060,1.);
#4060 = DIRECTION('',(1.,0.,0.));
#4061 = ORIENTED_EDGE('',*,*,#4004,.F.);
#4062 = ORIENTED_EDGE('',*,*,#4063,.F.);
#4063 = EDGE_CURVE('',#4047,#4005,#4064,.T.);
#4064 = LINE('',#4065,#4066);
#4065 = CARTESIAN_POINT('',(2.5,11.4,0.));
#4066 = VECTOR('',#4067,1.);
#4067 = DIRECTION('',(1.,0.,0.));
#4068 = PLANE('',#4069);
#4069 = AXIS2_PLACEMENT_3D('',#4070,#4071,#4072);
#4070 = CARTESIAN_POINT('',(2.5,11.4,0.));
#4071 = DIRECTION('',(0.,1.,0.));
#4072 = DIRECTION('',(1.,0.,0.));
#4073 = ADVANCED_FACE('',(#4074),#4099,.T.);
#4074 = FACE_BOUND('',#4075,.T.);
#4075 = EDGE_LOOP('',(#4076,#4077,#4085,#4093));
#4076 = ORIENTED_EDGE('',*,*,#4023,.T.);
#4077 = ORIENTED_EDGE('',*,*,#4078,.T.);
#4078 = EDGE_CURVE('',#4015,#4079,#4081,.T.);
#4079 = VERTEX_POINT('',#4080);
#4080 = CARTESIAN_POINT('',(22.4,2.5,2.63));
#4081 = LINE('',#4082,#4083);
#4082 = CARTESIAN_POINT('',(22.4,8.9,2.63));
#4083 = VECTOR('',#4084,1.);
#4084 = DIRECTION('',(0.,-1.,0.));
#4085 = ORIENTED_EDGE('',*,*,#4086,.F.);
#4086 = EDGE_CURVE('',#4087,#4079,#4089,.T.);
#4087 = VERTEX_POINT('',#4088);
#4088 = CARTESIAN_POINT('',(22.4,2.5,0.));
#4089 = LINE('',#4090,#4091);
#4090 = CARTESIAN_POINT('',(22.4,2.5,0.));
#4091 = VECTOR('',#4092,1.);
#4092 = DIRECTION('',(0.,0.,1.));
#4093 = ORIENTED_EDGE('',*,*,#4094,.F.);
#4094 = EDGE_CURVE('',#4024,#4087,#4095,.T.);
#4095 = LINE('',#4096,#4097);
#4096 = CARTESIAN_POINT('',(22.4,8.9,0.));
#4097 = VECTOR('',#4098,1.);
#4098 = DIRECTION('',(0.,-1.,0.));
#4099 = PLANE('',#4100);
#4100 = AXIS2_PLACEMENT_3D('',#4101,#4102,#4103);
#4101 = CARTESIAN_POINT('',(22.4,8.9,0.));
#4102 = DIRECTION('',(1.,0.,-0.));
#4103 = DIRECTION('',(0.,-1.,0.));
#4104 = ADVANCED_FACE('',(#4105,#4151,#4162,#4173,#4184),#4195,.F.);
#4105 = FACE_BOUND('',#4106,.F.);
#4106 = EDGE_LOOP('',(#4107,#4108,#4109,#4118,#4126,#4135,#4143,#4150));
#4107 = ORIENTED_EDGE('',*,*,#4031,.F.);
#4108 = ORIENTED_EDGE('',*,*,#4063,.F.);
#4109 = ORIENTED_EDGE('',*,*,#4110,.F.);
#4110 = EDGE_CURVE('',#4111,#4047,#4113,.T.);
#4111 = VERTEX_POINT('',#4112);
#4112 = CARTESIAN_POINT('',(-4.440892098501E-16,8.9,0.));
#4113 = CIRCLE('',#4114,2.499999839417);
#4114 = AXIS2_PLACEMENT_3D('',#4115,#4116,#4117);
#4115 = CARTESIAN_POINT('',(2.499999839417,8.900000160583,0.));
#4116 = DIRECTION('',(0.,0.,-1.));
#4117 = DIRECTION('',(-1.,-6.423314275614E-08,-0.));
#4118 = ORIENTED_EDGE('',*,*,#4119,.F.);
#4119 = EDGE_CURVE('',#4120,#4111,#4122,.T.);
#4120 = VERTEX_POINT('',#4121);
#4121 = CARTESIAN_POINT('',(-2.22044604925E-16,2.5,0.));
#4122 = LINE('',#4123,#4124);
#4123 = CARTESIAN_POINT('',(0.,2.5,0.));
#4124 = VECTOR('',#4125,1.);
#4125 = DIRECTION('',(0.,1.,0.));
#4126 = ORIENTED_EDGE('',*,*,#4127,.F.);
#4127 = EDGE_CURVE('',#4128,#4120,#4130,.T.);
#4128 = VERTEX_POINT('',#4129);
#4129 = CARTESIAN_POINT('',(2.5,-2.22044604925E-16,0.));
#4130 = CIRCLE('',#4131,2.499999839417);
#4131 = AXIS2_PLACEMENT_3D('',#4132,#4133,#4134);
#4132 = CARTESIAN_POINT('',(2.499999839417,2.499999839417,0.));
#4133 = DIRECTION('',(0.,0.,-1.));
#4134 = DIRECTION('',(6.423314417722E-08,-1.,0.));
#4135 = ORIENTED_EDGE('',*,*,#4136,.F.);
#4136 = EDGE_CURVE('',#4137,#4128,#4139,.T.);
#4137 = VERTEX_POINT('',#4138);
#4138 = CARTESIAN_POINT('',(19.9,0.,0.));
#4139 = LINE('',#4140,#4141);
#4140 = CARTESIAN_POINT('',(19.9,-0.,0.));
#4141 = VECTOR('',#4142,1.);
#4142 = DIRECTION('',(-1.,0.,0.));
#4143 = ORIENTED_EDGE('',*,*,#4144,.F.);
#4144 = EDGE_CURVE('',#4087,#4137,#4145,.T.);
#4145 = CIRCLE('',#4146,2.499999839417);
#4146 = AXIS2_PLACEMENT_3D('',#4147,#4148,#4149);
#4147 = CARTESIAN_POINT('',(19.900000160583,2.499999839417,0.));
#4148 = DIRECTION('',(0.,0.,-1.));
#4149 = DIRECTION('',(1.,6.423314524304E-08,0.));
#4150 = ORIENTED_EDGE('',*,*,#4094,.F.);
#4151 = FACE_BOUND('',#4152,.F.);
#4152 = EDGE_LOOP('',(#4153));
#4153 = ORIENTED_EDGE('',*,*,#4154,.T.);
#4154 = EDGE_CURVE('',#4155,#4155,#4157,.T.);
#4155 = VERTEX_POINT('',#4156);
#4156 = CARTESIAN_POINT('',(7.39,9.2,0.));
#4157 = CIRCLE('',#4158,0.5);
#4158 = AXIS2_PLACEMENT_3D('',#4159,#4160,#4161);
#4159 = CARTESIAN_POINT('',(7.39,9.7,0.));
#4160 = DIRECTION('',(-0.,0.,-1.));
#4161 = DIRECTION('',(-0.,-1.,0.));
#4162 = FACE_BOUND('',#4163,.F.);
#4163 = EDGE_LOOP('',(#4164));
#4164 = ORIENTED_EDGE('',*,*,#4165,.T.);
#4165 = EDGE_CURVE('',#4166,#4166,#4168,.T.);
#4166 = VERTEX_POINT('',#4167);
#4167 = CARTESIAN_POINT('',(9.93,9.2,0.));
#4168 = CIRCLE('',#4169,0.5);
#4169 = AXIS2_PLACEMENT_3D('',#4170,#4171,#4172);
#4170 = CARTESIAN_POINT('',(9.93,9.7,0.));
#4171 = DIRECTION('',(-0.,0.,-1.));
#4172 = DIRECTION('',(-0.,-1.,0.));
#4173 = FACE_BOUND('',#4174,.F.);
#4174 = EDGE_LOOP('',(#4175));
#4175 = ORIENTED_EDGE('',*,*,#4176,.T.);
#4176 = EDGE_CURVE('',#4177,#4177,#4179,.T.);
#4177 = VERTEX_POINT('',#4178);
#4178 = CARTESIAN_POINT('',(12.47,9.2,0.));
#4179 = CIRCLE('',#4180,0.5);
#4180 = AXIS2_PLACEMENT_3D('',#4181,#4182,#4183);
#4181 = CARTESIAN_POINT('',(12.47,9.7,0.));
#4182 = DIRECTION('',(-0.,0.,-1.));
#4183 = DIRECTION('',(-0.,-1.,0.));
#4184 = FACE_BOUND('',#4185,.F.);
#4185 = EDGE_LOOP('',(#4186));
#4186 = ORIENTED_EDGE('',*,*,#4187,.T.);
#4187 = EDGE_CURVE('',#4188,#4188,#4190,.T.);
#4188 = VERTEX_POINT('',#4189);
#4189 = CARTESIAN_POINT('',(15.01,9.2,0.));
#4190 = CIRCLE('',#4191,0.5);
#4191 = AXIS2_PLACEMENT_3D('',#4192,#4193,#4194);
#4192 = CARTESIAN_POINT('',(15.01,9.7,0.));
#4193 = DIRECTION('',(-0.,0.,-1.));
#4194 = DIRECTION('',(-0.,-1.,0.));
#4195 = PLANE('',#4196);
#4196 = AXIS2_PLACEMENT_3D('',#4197,#4198,#4199);
#4197 = CARTESIAN_POINT('',(0.,0.,0.));
#4198 = DIRECTION('',(0.,0.,1.));
#4199 = DIRECTION('',(1.,0.,-0.));
#4200 = ADVANCED_FACE('',(#4201,#4247,#4258,#4269,#4280),#4291,.T.);
#4201 = FACE_BOUND('',#4202,.T.);
#4202 = EDGE_LOOP('',(#4203,#4204,#4205,#4214,#4222,#4231,#4239,#4246));
#4203 = ORIENTED_EDGE('',*,*,#4014,.F.);
#4204 = ORIENTED_EDGE('',*,*,#4056,.F.);
#4205 = ORIENTED_EDGE('',*,*,#4206,.F.);
#4206 = EDGE_CURVE('',#4207,#4049,#4209,.T.);
#4207 = VERTEX_POINT('',#4208);
#4208 = CARTESIAN_POINT('',(-4.440892098501E-16,8.9,2.63));
#4209 = CIRCLE('',#4210,2.499999839417);
#4210 = AXIS2_PLACEMENT_3D('',#4211,#4212,#4213);
#4211 = CARTESIAN_POINT('',(2.499999839417,8.900000160583,2.63));
#4212 = DIRECTION('',(0.,0.,-1.));
#4213 = DIRECTION('',(-1.,-6.423314275614E-08,-0.));
#4214 = ORIENTED_EDGE('',*,*,#4215,.F.);
#4215 = EDGE_CURVE('',#4216,#4207,#4218,.T.);
#4216 = VERTEX_POINT('',#4217);
#4217 = CARTESIAN_POINT('',(-2.22044604925E-16,2.5,2.63));
#4218 = LINE('',#4219,#4220);
#4219 = CARTESIAN_POINT('',(0.,2.5,2.63));
#4220 = VECTOR('',#4221,1.);
#4221 = DIRECTION('',(0.,1.,0.));
#4222 = ORIENTED_EDGE('',*,*,#4223,.F.);
#4223 = EDGE_CURVE('',#4224,#4216,#4226,.T.);
#4224 = VERTEX_POINT('',#4225);
#4225 = CARTESIAN_POINT('',(2.5,-2.22044604925E-16,2.63));
#4226 = CIRCLE('',#4227,2.499999839417);
#4227 = AXIS2_PLACEMENT_3D('',#4228,#4229,#4230);
#4228 = CARTESIAN_POINT('',(2.499999839417,2.499999839417,2.63));
#4229 = DIRECTION('',(0.,0.,-1.));
#4230 = DIRECTION('',(6.423314417722E-08,-1.,0.));
#4231 = ORIENTED_EDGE('',*,*,#4232,.F.);
#4232 = EDGE_CURVE('',#4233,#4224,#4235,.T.);
#4233 = VERTEX_POINT('',#4234);
#4234 = CARTESIAN_POINT('',(19.9,0.,2.63));
#4235 = LINE('',#4236,#4237);
#4236 = CARTESIAN_POINT('',(19.9,0.,2.63));
#4237 = VECTOR('',#4238,1.);
#4238 = DIRECTION('',(-1.,0.,0.));
#4239 = ORIENTED_EDGE('',*,*,#4240,.F.);
#4240 = EDGE_CURVE('',#4079,#4233,#4241,.T.);
#4241 = CIRCLE('',#4242,2.499999839417);
#4242 = AXIS2_PLACEMENT_3D('',#4243,#4244,#4245);
#4243 = CARTESIAN_POINT('',(19.900000160583,2.499999839417,2.63));
#4244 = DIRECTION('',(0.,0.,-1.));
#4245 = DIRECTION('',(1.,6.423314524304E-08,0.));
#4246 = ORIENTED_EDGE('',*,*,#4078,.F.);
#4247 = FACE_BOUND('',#4248,.T.);
#4248 = EDGE_LOOP('',(#4249));
#4249 = ORIENTED_EDGE('',*,*,#4250,.T.);
#4250 = EDGE_CURVE('',#4251,#4251,#4253,.T.);
#4251 = VERTEX_POINT('',#4252);
#4252 = CARTESIAN_POINT('',(7.39,9.2,2.63));
#4253 = CIRCLE('',#4254,0.5);
#4254 = AXIS2_PLACEMENT_3D('',#4255,#4256,#4257);
#4255 = CARTESIAN_POINT('',(7.39,9.7,2.63));
#4256 = DIRECTION('',(-0.,0.,-1.));
#4257 = DIRECTION('',(-0.,-1.,0.));
#4258 = FACE_BOUND('',#4259,.T.);
#4259 = EDGE_LOOP('',(#4260));
#4260 = ORIENTED_EDGE('',*,*,#4261,.T.);
#4261 = EDGE_CURVE('',#4262,#4262,#4264,.T.);
#4262 = VERTEX_POINT('',#4263);
#4263 = CARTESIAN_POINT('',(9.93,9.2,2.63));
#4264 = CIRCLE('',#4265,0.5);
#4265 = AXIS2_PLACEMENT_3D('',#4266,#4267,#4268);
#4266 = CARTESIAN_POINT('',(9.93,9.7,2.63));
#4267 = DIRECTION('',(-0.,0.,-1.));
#4268 = DIRECTION('',(-0.,-1.,0.));
#4269 = FACE_BOUND('',#4270,.T.);
#4270 = EDGE_LOOP('',(#4271));
#4271 = ORIENTED_EDGE('',*,*,#4272,.T.);
#4272 = EDGE_CURVE('',#4273,#4273,#4275,.T.);
#4273 = VERTEX_POINT('',#4274);
#4274 = CARTESIAN_POINT('',(12.47,9.2,2.63));
#4275 = CIRCLE('',#4276,0.5);
#4276 = AXIS2_PLACEMENT_3D('',#4277,#4278,#4279);
#4277 = CARTESIAN_POINT('',(12.47,9.7,2.63));
#4278 = DIRECTION('',(-0.,0.,-1.));
#4279 = DIRECTION('',(-0.,-1.,0.));
#4280 = FACE_BOUND('',#4281,.T.);
#4281 = EDGE_LOOP('',(#4282));
#4282 = ORIENTED_EDGE('',*,*,#4283,.T.);
#4283 = EDGE_CURVE('',#4284,#4284,#4286,.T.);
#4284 = VERTEX_POINT('',#4285);
#4285 = CARTESIAN_POINT('',(15.01,9.2,2.63));
#4286 = CIRCLE('',#4287,0.5);
#4287 = AXIS2_PLACEMENT_3D('',#4288,#4289,#4290);
#4288 = CARTESIAN_POINT('',(15.01,9.7,2.63));
#4289 = DIRECTION('',(-0.,0.,-1.));
#4290 = DIRECTION('',(-0.,-1.,0.));
#4291 = PLANE('',#4292);
#4292 = AXIS2_PLACEMENT_3D('',#4293,#4294,#4295);
#4293 = CARTESIAN_POINT('',(0.,0.,2.63));
#4294 = DIRECTION('',(0.,0.,1.));
#4295 = DIRECTION('',(1.,0.,-0.));
#4296 = ADVANCED_FACE('',(#4297),#4308,.T.);
#4297 = FACE_BOUND('',#4298,.T.);
#4298 = EDGE_LOOP('',(#4299,#4305,#4306,#4307));
#4299 = ORIENTED_EDGE('',*,*,#4300,.T.);
#4300 = EDGE_CURVE('',#4111,#4207,#4301,.T.);
#4301 = LINE('',#4302,#4303);
#4302 = CARTESIAN_POINT('',(-4.440892098501E-16,8.9,0.));
#4303 = VECTOR('',#4304,1.);
#4304 = DIRECTION('',(0.,0.,1.));
#4305 = ORIENTED_EDGE('',*,*,#4206,.T.);
#4306 = ORIENTED_EDGE('',*,*,#4046,.F.);
#4307 = ORIENTED_EDGE('',*,*,#4110,.F.);
#4308 = CYLINDRICAL_SURFACE('',#4309,2.499999839417);
#4309 = AXIS2_PLACEMENT_3D('',#4310,#4311,#4312);
#4310 = CARTESIAN_POINT('',(2.499999839417,8.900000160583,0.));
#4311 = DIRECTION('',(0.,0.,-1.));
#4312 = DIRECTION('',(-1.,-6.423314275614E-08,-0.));
#4313 = ADVANCED_FACE('',(#4314),#4325,.T.);
#4314 = FACE_BOUND('',#4315,.T.);
#4315 = EDGE_LOOP('',(#4316,#4317,#4318,#4324));
#4316 = ORIENTED_EDGE('',*,*,#4086,.T.);
#4317 = ORIENTED_EDGE('',*,*,#4240,.T.);
#4318 = ORIENTED_EDGE('',*,*,#4319,.F.);
#4319 = EDGE_CURVE('',#4137,#4233,#4320,.T.);
#4320 = LINE('',#4321,#4322);
#4321 = CARTESIAN_POINT('',(19.9,0.,0.));
#4322 = VECTOR('',#4323,1.);
#4323 = DIRECTION('',(0.,0.,1.));
#4324 = ORIENTED_EDGE('',*,*,#4144,.F.);
#4325 = CYLINDRICAL_SURFACE('',#4326,2.499999839417);
#4326 = AXIS2_PLACEMENT_3D('',#4327,#4328,#4329);
#4327 = CARTESIAN_POINT('',(19.900000160583,2.499999839417,0.));
#4328 = DIRECTION('',(0.,0.,-1.));
#4329 = DIRECTION('',(1.,6.423314524304E-08,0.));
#4330 = ADVANCED_FACE('',(#4331),#4342,.T.);
#4331 = FACE_BOUND('',#4332,.T.);
#4332 = EDGE_LOOP('',(#4333,#4339,#4340,#4341));
#4333 = ORIENTED_EDGE('',*,*,#4334,.T.);
#4334 = EDGE_CURVE('',#4120,#4216,#4335,.T.);
#4335 = LINE('',#4336,#4337);
#4336 = CARTESIAN_POINT('',(-2.22044604925E-16,2.5,0.));
#4337 = VECTOR('',#4338,1.);
#4338 = DIRECTION('',(0.,0.,1.));
#4339 = ORIENTED_EDGE('',*,*,#4215,.T.);
#4340 = ORIENTED_EDGE('',*,*,#4300,.F.);
#4341 = ORIENTED_EDGE('',*,*,#4119,.F.);
#4342 = PLANE('',#4343);
#4343 = AXIS2_PLACEMENT_3D('',#4344,#4345,#4346);
#4344 = CARTESIAN_POINT('',(0.,2.5,0.));
#4345 = DIRECTION('',(-1.,0.,0.));
#4346 = DIRECTION('',(0.,1.,0.));
#4347 = ADVANCED_FACE('',(#4348),#4359,.T.);
#4348 = FACE_BOUND('',#4349,.T.);
#4349 = EDGE_LOOP('',(#4350,#4351,#4352,#4358));
#4350 = ORIENTED_EDGE('',*,*,#4319,.T.);
#4351 = ORIENTED_EDGE('',*,*,#4232,.T.);
#4352 = ORIENTED_EDGE('',*,*,#4353,.F.);
#4353 = EDGE_CURVE('',#4128,#4224,#4354,.T.);
#4354 = LINE('',#4355,#4356);
#4355 = CARTESIAN_POINT('',(2.5,-2.22044604925E-16,0.));
#4356 = VECTOR('',#4357,1.);
#4357 = DIRECTION('',(0.,0.,1.));
#4358 = ORIENTED_EDGE('',*,*,#4136,.F.);
#4359 = PLANE('',#4360);
#4360 = AXIS2_PLACEMENT_3D('',#4361,#4362,#4363);
#4361 = CARTESIAN_POINT('',(19.9,0.,0.));
#4362 = DIRECTION('',(0.,-1.,0.));
#4363 = DIRECTION('',(-1.,0.,0.));
#4364 = ADVANCED_FACE('',(#4365),#4371,.T.);
#4365 = FACE_BOUND('',#4366,.T.);
#4366 = EDGE_LOOP('',(#4367,#4368,#4369,#4370));
#4367 = ORIENTED_EDGE('',*,*,#4353,.T.);
#4368 = ORIENTED_EDGE('',*,*,#4223,.T.);
#4369 = ORIENTED_EDGE('',*,*,#4334,.F.);
#4370 = ORIENTED_EDGE('',*,*,#4127,.F.);
#4371 = CYLINDRICAL_SURFACE('',#4372,2.499999839417);
#4372 = AXIS2_PLACEMENT_3D('',#4373,#4374,#4375);
#4373 = CARTESIAN_POINT('',(2.499999839417,2.499999839417,0.));
#4374 = DIRECTION('',(0.,0.,-1.));
#4375 = DIRECTION('',(6.423314417722E-08,-1.,0.));
#4376 = ADVANCED_FACE('',(#4377),#4388,.F.);
#4377 = FACE_BOUND('',#4378,.T.);
#4378 = EDGE_LOOP('',(#4379,#4380,#4386,#4387));
#4379 = ORIENTED_EDGE('',*,*,#4154,.T.);
#4380 = ORIENTED_EDGE('',*,*,#4381,.T.);
#4381 = EDGE_CURVE('',#4155,#4251,#4382,.T.);
#4382 = LINE('',#4383,#4384);
#4383 = CARTESIAN_POINT('',(7.39,9.2,-4.5E-02));
#4384 = VECTOR('',#4385,1.);
#4385 = DIRECTION('',(0.,0.,1.));
#4386 = ORIENTED_EDGE('',*,*,#4250,.F.);
#4387 = ORIENTED_EDGE('',*,*,#4381,.F.);
#4388 = CYLINDRICAL_SURFACE('',#4389,0.5);
#4389 = AXIS2_PLACEMENT_3D('',#4390,#4391,#4392);
#4390 = CARTESIAN_POINT('',(7.39,9.7,-4.5E-02));
#4391 = DIRECTION('',(-0.,-0.,-1.));
#4392 = DIRECTION('',(-0.,-1.,0.));
#4393 = ADVANCED_FACE('',(#4394),#4405,.F.);
#4394 = FACE_BOUND('',#4395,.T.);
#4395 = EDGE_LOOP('',(#4396,#4397,#4403,#4404));
#4396 = ORIENTED_EDGE('',*,*,#4165,.T.);
#4397 = ORIENTED_EDGE('',*,*,#4398,.T.);
#4398 = EDGE_CURVE('',#4166,#4262,#4399,.T.);
#4399 = LINE('',#4400,#4401);
#4400 = CARTESIAN_POINT('',(9.93,9.2,-4.5E-02));
#4401 = VECTOR('',#4402,1.);
#4402 = DIRECTION('',(0.,0.,1.));
#4403 = ORIENTED_EDGE('',*,*,#4261,.F.);
#4404 = ORIENTED_EDGE('',*,*,#4398,.F.);
#4405 = CYLINDRICAL_SURFACE('',#4406,0.5);
#4406 = AXIS2_PLACEMENT_3D('',#4407,#4408,#4409);
#4407 = CARTESIAN_POINT('',(9.93,9.7,-4.5E-02));
#4408 = DIRECTION('',(-0.,-0.,-1.));
#4409 = DIRECTION('',(-0.,-1.,0.));
#4410 = ADVANCED_FACE('',(#4411),#4422,.F.);
#4411 = FACE_BOUND('',#4412,.T.);
#4412 = EDGE_LOOP('',(#4413,#4414,#4420,#4421));
#4413 = ORIENTED_EDGE('',*,*,#4176,.T.);
#4414 = ORIENTED_EDGE('',*,*,#4415,.T.);
#4415 = EDGE_CURVE('',#4177,#4273,#4416,.T.);
#4416 = LINE('',#4417,#4418);
#4417 = CARTESIAN_POINT('',(12.47,9.2,-4.5E-02));
#4418 = VECTOR('',#4419,1.);
#4419 = DIRECTION('',(0.,0.,1.));
#4420 = ORIENTED_EDGE('',*,*,#4272,.F.);
#4421 = ORIENTED_EDGE('',*,*,#4415,.F.);
#4422 = CYLINDRICAL_SURFACE('',#4423,0.5);
#4423 = AXIS2_PLACEMENT_3D('',#4424,#4425,#4426);
#4424 = CARTESIAN_POINT('',(12.47,9.7,-4.5E-02));
#4425 = DIRECTION('',(-0.,-0.,-1.));
#4426 = DIRECTION('',(-0.,-1.,0.));
#4427 = ADVANCED_FACE('',(#4428),#4439,.F.);
#4428 = FACE_BOUND('',#4429,.T.);
#4429 = EDGE_LOOP('',(#4430,#4431,#4437,#4438));
#4430 = ORIENTED_EDGE('',*,*,#4187,.T.);
#4431 = ORIENTED_EDGE('',*,*,#4432,.T.);
#4432 = EDGE_CURVE('',#4188,#4284,#4433,.T.);
#4433 = LINE('',#4434,#4435);
#4434 = CARTESIAN_POINT('',(15.01,9.2,-4.5E-02));
#4435 = VECTOR('',#4436,1.);
#4436 = DIRECTION('',(0.,0.,1.));
#4437 = ORIENTED_EDGE('',*,*,#4283,.F.);
#4438 = ORIENTED_EDGE('',*,*,#4432,.F.);
#4439 = CYLINDRICAL_SURFACE('',#4440,0.5);
#4440 = AXIS2_PLACEMENT_3D('',#4441,#4442,#4443);
#4441 = CARTESIAN_POINT('',(15.01,9.7,-4.5E-02));
#4442 = DIRECTION('',(-0.,-0.,-1.));
#4443 = DIRECTION('',(-0.,-1.,0.));
#4444 = ( GEOMETRIC_REPRESENTATION_CONTEXT(3) 
GLOBAL_UNCERTAINTY_ASSIGNED_CONTEXT((#4448)) 
GLOBAL_UNIT_ASSIGNED_CONTEXT((#4445,#4446,#4447)) REPRESENTATION_CONTEXT
('Context #1','3D Context with UNIT and UNCERTAINTY') );
#4445 = ( LENGTH_UNIT() NAMED_UNIT(*) SI_UNIT(.MILLI.,.METRE.) );
#4446 = ( NAMED_UNIT(*) PLANE_ANGLE_UNIT() SI_UNIT($,.RADIAN.) );
#4447 = ( NAMED_UNIT(*) SI_UNIT($,.STERADIAN.) SOLID_ANGLE_UNIT() );
#4448 = UNCERTAINTY_MEASURE_WITH_UNIT(LENGTH_MEASURE(1.E-07),#4445,
  'distance_accuracy_value','confusion accuracy');
#4449 = CONTEXT_DEPENDENT_SHAPE_REPRESENTATION(#4450,#4452);
#4450 = ( REPRESENTATION_RELATIONSHIP('','',#3997,#10) 
REPRESENTATION_RELATIONSHIP_WITH_TRANSFORMATION(#4451) 
SHAPE_REPRESENTATION_RELATIONSHIP() );
#4451 = ITEM_DEFINED_TRANSFORMATION('','',#11,#23);
#4452 = PRODUCT_DEFINITION_SHAPE('Placement','Placement of an item',
  #4453);
#4453 = NEXT_ASSEMBLY_USAGE_OCCURRENCE('4','=>[0:1:1:4]','',#5,#3992,$);
#4454 = PRODUCT_RELATED_PRODUCT_CATEGORY('part',$,(#3994));
#4455 = MECHANICAL_DESIGN_GEOMETRIC_PRESENTATION_REPRESENTATION('',(
    #4456,#4466,#4474,#4481,#4488,#4495,#4502,#4509,#4516,#4523,#4530,
    #4537,#4544,#4551,#4558,#4565,#4572,#4579,#4586,#4593,#4600,#4607,
    #4614,#4621,#4628,#4635,#4642,#4649,#4656,#4663,#4670,#4677,#4684,
    #4691,#4698,#4705,#4712,#4719,#4726,#4733,#4740,#4747,#4754,#4761,
    #4768,#4775,#4782,#4789,#4796,#4803,#4810,#4817,#4824,#4831,#4838,
    #4845,#4852,#4859,#4866,#4873,#4880,#4887,#4894,#4901,#4908,#4915,
    #4922,#4929,#4936,#4943,#4950,#4957,#4964,#4971,#4978,#4985,#4992,
    #4999,#5006,#5013,#5020,#5027,#5034,#5041,#5048,#5055,#5062,#5069,
    #5076),#3974);
#4456 = STYLED_ITEM('color',(#4457),#64);
#4457 = PRESENTATION_STYLE_ASSIGNMENT((#4458,#4464));
#4458 = SURFACE_STYLE_USAGE(.BOTH.,#4459);
#4459 = SURFACE_SIDE_STYLE('',(#4460));
#4460 = SURFACE_STYLE_FILL_AREA(#4461);
#4461 = FILL_AREA_STYLE('',(#4462));
#4462 = FILL_AREA_STYLE_COLOUR('',#4463);
#4463 = COLOUR_RGB('',1.,0.901960770338,0.705882360366);
#4464 = CURVE_STYLE('',#4465,POSITIVE_LENGTH_MEASURE(0.1),#4463);
#4465 = DRAUGHTING_PRE_DEFINED_CURVE_FONT('continuous');
#4466 = OVER_RIDING_STYLED_ITEM('overriding color',(#4467),#66,#4456);
#4467 = PRESENTATION_STYLE_ASSIGNMENT((#4468));
#4468 = SURFACE_STYLE_USAGE(.BOTH.,#4469);
#4469 = SURFACE_SIDE_STYLE('',(#4470));
#4470 = SURFACE_STYLE_FILL_AREA(#4471);
#4471 = FILL_AREA_STYLE('',(#4472));
#4472 = FILL_AREA_STYLE_COLOUR('',#4473);
#4473 = COLOUR_RGB('',0.960784305148,0.960784305148,0.964705886078);
#4474 = OVER_RIDING_STYLED_ITEM('overriding color',(#4475),#106,#4456);
#4475 = PRESENTATION_STYLE_ASSIGNMENT((#4476));
#4476 = SURFACE_STYLE_USAGE(.BOTH.,#4477);
#4477 = SURFACE_SIDE_STYLE('',(#4478));
#4478 = SURFACE_STYLE_FILL_AREA(#4479);
#4479 = FILL_AREA_STYLE('',(#4480));
#4480 = FILL_AREA_STYLE_COLOUR('',#4473);
#4481 = OVER_RIDING_STYLED_ITEM('overriding color',(#4482),#146,#4456);
#4482 = PRESENTATION_STYLE_ASSIGNMENT((#4483));
#4483 = SURFACE_STYLE_USAGE(.BOTH.,#4484);
#4484 = SURFACE_SIDE_STYLE('',(#4485));
#4485 = SURFACE_STYLE_FILL_AREA(#4486);
#4486 = FILL_AREA_STYLE('',(#4487));
#4487 = FILL_AREA_STYLE_COLOUR('',#4473);
#4488 = OVER_RIDING_STYLED_ITEM('overriding color',(#4489),#209,#4456);
#4489 = PRESENTATION_STYLE_ASSIGNMENT((#4490));
#4490 = SURFACE_STYLE_USAGE(.BOTH.,#4491);
#4491 = SURFACE_SIDE_STYLE('',(#4492));
#4492 = SURFACE_STYLE_FILL_AREA(#4493);
#4493 = FILL_AREA_STYLE('',(#4494));
#4494 = FILL_AREA_STYLE_COLOUR('',#4473);
#4495 = OVER_RIDING_STYLED_ITEM('overriding color',(#4496),#233,#4456);
#4496 = PRESENTATION_STYLE_ASSIGNMENT((#4497));
#4497 = SURFACE_STYLE_USAGE(.BOTH.,#4498);
#4498 = SURFACE_SIDE_STYLE('',(#4499));
#4499 = SURFACE_STYLE_FILL_AREA(#4500);
#4500 = FILL_AREA_STYLE('',(#4501));
#4501 = FILL_AREA_STYLE_COLOUR('',#4473);
#4502 = OVER_RIDING_STYLED_ITEM('overriding color',(#4503),#280,#4456);
#4503 = PRESENTATION_STYLE_ASSIGNMENT((#4504));
#4504 = SURFACE_STYLE_USAGE(.BOTH.,#4505);
#4505 = SURFACE_SIDE_STYLE('',(#4506));
#4506 = SURFACE_STYLE_FILL_AREA(#4507);
#4507 = FILL_AREA_STYLE('',(#4508));
#4508 = FILL_AREA_STYLE_COLOUR('',#4473);
#4509 = OVER_RIDING_STYLED_ITEM('overriding color',(#4510),#304,#4456);
#4510 = PRESENTATION_STYLE_ASSIGNMENT((#4511));
#4511 = SURFACE_STYLE_USAGE(.BOTH.,#4512);
#4512 = SURFACE_SIDE_STYLE('',(#4513));
#4513 = SURFACE_STYLE_FILL_AREA(#4514);
#4514 = FILL_AREA_STYLE('',(#4515));
#4515 = FILL_AREA_STYLE_COLOUR('',#4473);
#4516 = OVER_RIDING_STYLED_ITEM('overriding color',(#4517),#346,#4456);
#4517 = PRESENTATION_STYLE_ASSIGNMENT((#4518));
#4518 = SURFACE_STYLE_USAGE(.BOTH.,#4519);
#4519 = SURFACE_SIDE_STYLE('',(#4520));
#4520 = SURFACE_STYLE_FILL_AREA(#4521);
#4521 = FILL_AREA_STYLE('',(#4522));
#4522 = FILL_AREA_STYLE_COLOUR('',#4473);
#4523 = OVER_RIDING_STYLED_ITEM('overriding color',(#4524),#434,#4456);
#4524 = PRESENTATION_STYLE_ASSIGNMENT((#4525));
#4525 = SURFACE_STYLE_USAGE(.BOTH.,#4526);
#4526 = SURFACE_SIDE_STYLE('',(#4527));
#4527 = SURFACE_STYLE_FILL_AREA(#4528);
#4528 = FILL_AREA_STYLE('',(#4529));
#4529 = FILL_AREA_STYLE_COLOUR('',#4473);
#4530 = OVER_RIDING_STYLED_ITEM('overriding color',(#4531),#458,#4456);
#4531 = PRESENTATION_STYLE_ASSIGNMENT((#4532));
#4532 = SURFACE_STYLE_USAGE(.BOTH.,#4533);
#4533 = SURFACE_SIDE_STYLE('',(#4534));
#4534 = SURFACE_STYLE_FILL_AREA(#4535);
#4535 = FILL_AREA_STYLE('',(#4536));
#4536 = FILL_AREA_STYLE_COLOUR('',#4473);
#4537 = OVER_RIDING_STYLED_ITEM('overriding color',(#4538),#500,#4456);
#4538 = PRESENTATION_STYLE_ASSIGNMENT((#4539));
#4539 = SURFACE_STYLE_USAGE(.BOTH.,#4540);
#4540 = SURFACE_SIDE_STYLE('',(#4541));
#4541 = SURFACE_STYLE_FILL_AREA(#4542);
#4542 = FILL_AREA_STYLE('',(#4543));
#4543 = FILL_AREA_STYLE_COLOUR('',#4473);
#4544 = OVER_RIDING_STYLED_ITEM('overriding color',(#4545),#588,#4456);
#4545 = PRESENTATION_STYLE_ASSIGNMENT((#4546));
#4546 = SURFACE_STYLE_USAGE(.BOTH.,#4547);
#4547 = SURFACE_SIDE_STYLE('',(#4548));
#4548 = SURFACE_STYLE_FILL_AREA(#4549);
#4549 = FILL_AREA_STYLE('',(#4550));
#4550 = FILL_AREA_STYLE_COLOUR('',#4473);
#4551 = OVER_RIDING_STYLED_ITEM('overriding color',(#4552),#612,#4456);
#4552 = PRESENTATION_STYLE_ASSIGNMENT((#4553));
#4553 = SURFACE_STYLE_USAGE(.BOTH.,#4554);
#4554 = SURFACE_SIDE_STYLE('',(#4555));
#4555 = SURFACE_STYLE_FILL_AREA(#4556);
#4556 = FILL_AREA_STYLE('',(#4557));
#4557 = FILL_AREA_STYLE_COLOUR('',#4473);
#4558 = OVER_RIDING_STYLED_ITEM('overriding color',(#4559),#654,#4456);
#4559 = PRESENTATION_STYLE_ASSIGNMENT((#4560));
#4560 = SURFACE_STYLE_USAGE(.BOTH.,#4561);
#4561 = SURFACE_SIDE_STYLE('',(#4562));
#4562 = SURFACE_STYLE_FILL_AREA(#4563);
#4563 = FILL_AREA_STYLE('',(#4564));
#4564 = FILL_AREA_STYLE_COLOUR('',#4473);
#4565 = OVER_RIDING_STYLED_ITEM('overriding color',(#4566),#742,#4456);
#4566 = PRESENTATION_STYLE_ASSIGNMENT((#4567));
#4567 = SURFACE_STYLE_USAGE(.BOTH.,#4568);
#4568 = SURFACE_SIDE_STYLE('',(#4569));
#4569 = SURFACE_STYLE_FILL_AREA(#4570);
#4570 = FILL_AREA_STYLE('',(#4571));
#4571 = FILL_AREA_STYLE_COLOUR('',#4473);
#4572 = OVER_RIDING_STYLED_ITEM('overriding color',(#4573),#766,#4456);
#4573 = PRESENTATION_STYLE_ASSIGNMENT((#4574));
#4574 = SURFACE_STYLE_USAGE(.BOTH.,#4575);
#4575 = SURFACE_SIDE_STYLE('',(#4576));
#4576 = SURFACE_STYLE_FILL_AREA(#4577);
#4577 = FILL_AREA_STYLE('',(#4578));
#4578 = FILL_AREA_STYLE_COLOUR('',#4473);
#4579 = OVER_RIDING_STYLED_ITEM('overriding color',(#4580),#808,#4456);
#4580 = PRESENTATION_STYLE_ASSIGNMENT((#4581));
#4581 = SURFACE_STYLE_USAGE(.BOTH.,#4582);
#4582 = SURFACE_SIDE_STYLE('',(#4583));
#4583 = SURFACE_STYLE_FILL_AREA(#4584);
#4584 = FILL_AREA_STYLE('',(#4585));
#4585 = FILL_AREA_STYLE_COLOUR('',#4473);
#4586 = OVER_RIDING_STYLED_ITEM('overriding color',(#4587),#839,#4456);
#4587 = PRESENTATION_STYLE_ASSIGNMENT((#4588));
#4588 = SURFACE_STYLE_USAGE(.BOTH.,#4589);
#4589 = SURFACE_SIDE_STYLE('',(#4590));
#4590 = SURFACE_STYLE_FILL_AREA(#4591);
#4591 = FILL_AREA_STYLE('',(#4592));
#4592 = FILL_AREA_STYLE_COLOUR('',#4473);
#4593 = OVER_RIDING_STYLED_ITEM('overriding color',(#4594),#920,#4456);
#4594 = PRESENTATION_STYLE_ASSIGNMENT((#4595));
#4595 = SURFACE_STYLE_USAGE(.BOTH.,#4596);
#4596 = SURFACE_SIDE_STYLE('',(#4597));
#4597 = SURFACE_STYLE_FILL_AREA(#4598);
#4598 = FILL_AREA_STYLE('',(#4599));
#4599 = FILL_AREA_STYLE_COLOUR('',#4473);
#4600 = OVER_RIDING_STYLED_ITEM('overriding color',(#4601),#1001,#4456);
#4601 = PRESENTATION_STYLE_ASSIGNMENT((#4602));
#4602 = SURFACE_STYLE_USAGE(.BOTH.,#4603);
#4603 = SURFACE_SIDE_STYLE('',(#4604));
#4604 = SURFACE_STYLE_FILL_AREA(#4605);
#4605 = FILL_AREA_STYLE('',(#4606));
#4606 = FILL_AREA_STYLE_COLOUR('',#4473);
#4607 = OVER_RIDING_STYLED_ITEM('overriding color',(#4608),#1082,#4456);
#4608 = PRESENTATION_STYLE_ASSIGNMENT((#4609));
#4609 = SURFACE_STYLE_USAGE(.BOTH.,#4610);
#4610 = SURFACE_SIDE_STYLE('',(#4611));
#4611 = SURFACE_STYLE_FILL_AREA(#4612);
#4612 = FILL_AREA_STYLE('',(#4613));
#4613 = FILL_AREA_STYLE_COLOUR('',#4473);
#4614 = OVER_RIDING_STYLED_ITEM('overriding color',(#4615),#1269,#4456);
#4615 = PRESENTATION_STYLE_ASSIGNMENT((#4616));
#4616 = SURFACE_STYLE_USAGE(.BOTH.,#4617);
#4617 = SURFACE_SIDE_STYLE('',(#4618));
#4618 = SURFACE_STYLE_FILL_AREA(#4619);
#4619 = FILL_AREA_STYLE('',(#4620));
#4620 = FILL_AREA_STYLE_COLOUR('',#4473);
#4621 = OVER_RIDING_STYLED_ITEM('overriding color',(#4622),#1286,#4456);
#4622 = PRESENTATION_STYLE_ASSIGNMENT((#4623));
#4623 = SURFACE_STYLE_USAGE(.BOTH.,#4624);
#4624 = SURFACE_SIDE_STYLE('',(#4625));
#4625 = SURFACE_STYLE_FILL_AREA(#4626);
#4626 = FILL_AREA_STYLE('',(#4627));
#4627 = FILL_AREA_STYLE_COLOUR('',#4473);
#4628 = OVER_RIDING_STYLED_ITEM('overriding color',(#4629),#1303,#4456);
#4629 = PRESENTATION_STYLE_ASSIGNMENT((#4630));
#4630 = SURFACE_STYLE_USAGE(.BOTH.,#4631);
#4631 = SURFACE_SIDE_STYLE('',(#4632));
#4632 = SURFACE_STYLE_FILL_AREA(#4633);
#4633 = FILL_AREA_STYLE('',(#4634));
#4634 = FILL_AREA_STYLE_COLOUR('',#4473);
#4635 = OVER_RIDING_STYLED_ITEM('overriding color',(#4636),#1327,#4456);
#4636 = PRESENTATION_STYLE_ASSIGNMENT((#4637));
#4637 = SURFACE_STYLE_USAGE(.BOTH.,#4638);
#4638 = SURFACE_SIDE_STYLE('',(#4639));
#4639 = SURFACE_STYLE_FILL_AREA(#4640);
#4640 = FILL_AREA_STYLE('',(#4641));
#4641 = FILL_AREA_STYLE_COLOUR('',#4473);
#4642 = OVER_RIDING_STYLED_ITEM('overriding color',(#4643),#1344,#4456);
#4643 = PRESENTATION_STYLE_ASSIGNMENT((#4644));
#4644 = SURFACE_STYLE_USAGE(.BOTH.,#4645);
#4645 = SURFACE_SIDE_STYLE('',(#4646));
#4646 = SURFACE_STYLE_FILL_AREA(#4647);
#4647 = FILL_AREA_STYLE('',(#4648));
#4648 = FILL_AREA_STYLE_COLOUR('',#4473);
#4649 = OVER_RIDING_STYLED_ITEM('overriding color',(#4650),#1361,#4456);
#4650 = PRESENTATION_STYLE_ASSIGNMENT((#4651));
#4651 = SURFACE_STYLE_USAGE(.BOTH.,#4652);
#4652 = SURFACE_SIDE_STYLE('',(#4653));
#4653 = SURFACE_STYLE_FILL_AREA(#4654);
#4654 = FILL_AREA_STYLE('',(#4655));
#4655 = FILL_AREA_STYLE_COLOUR('',#4473);
#4656 = OVER_RIDING_STYLED_ITEM('overriding color',(#4657),#1378,#4456);
#4657 = PRESENTATION_STYLE_ASSIGNMENT((#4658));
#4658 = SURFACE_STYLE_USAGE(.BOTH.,#4659);
#4659 = SURFACE_SIDE_STYLE('',(#4660));
#4660 = SURFACE_STYLE_FILL_AREA(#4661);
#4661 = FILL_AREA_STYLE('',(#4662));
#4662 = FILL_AREA_STYLE_COLOUR('',#4473);
#4663 = OVER_RIDING_STYLED_ITEM('overriding color',(#4664),#1443,#4456);
#4664 = PRESENTATION_STYLE_ASSIGNMENT((#4665));
#4665 = SURFACE_STYLE_USAGE(.BOTH.,#4666);
#4666 = SURFACE_SIDE_STYLE('',(#4667));
#4667 = SURFACE_STYLE_FILL_AREA(#4668);
#4668 = FILL_AREA_STYLE('',(#4669));
#4669 = FILL_AREA_STYLE_COLOUR('',#4473);
#4670 = OVER_RIDING_STYLED_ITEM('overriding color',(#4671),#1460,#4456);
#4671 = PRESENTATION_STYLE_ASSIGNMENT((#4672));
#4672 = SURFACE_STYLE_USAGE(.BOTH.,#4673);
#4673 = SURFACE_SIDE_STYLE('',(#4674));
#4674 = SURFACE_STYLE_FILL_AREA(#4675);
#4675 = FILL_AREA_STYLE('',(#4676));
#4676 = FILL_AREA_STYLE_COLOUR('',#4473);
#4677 = OVER_RIDING_STYLED_ITEM('overriding color',(#4678),#1540,#4456);
#4678 = PRESENTATION_STYLE_ASSIGNMENT((#4679));
#4679 = SURFACE_STYLE_USAGE(.BOTH.,#4680);
#4680 = SURFACE_SIDE_STYLE('',(#4681));
#4681 = SURFACE_STYLE_FILL_AREA(#4682);
#4682 = FILL_AREA_STYLE('',(#4683));
#4683 = FILL_AREA_STYLE_COLOUR('',#4473);
#4684 = OVER_RIDING_STYLED_ITEM('overriding color',(#4685),#1564,#4456);
#4685 = PRESENTATION_STYLE_ASSIGNMENT((#4686));
#4686 = SURFACE_STYLE_USAGE(.BOTH.,#4687);
#4687 = SURFACE_SIDE_STYLE('',(#4688));
#4688 = SURFACE_STYLE_FILL_AREA(#4689);
#4689 = FILL_AREA_STYLE('',(#4690));
#4690 = FILL_AREA_STYLE_COLOUR('',#4473);
#4691 = OVER_RIDING_STYLED_ITEM('overriding color',(#4692),#1597,#4456);
#4692 = PRESENTATION_STYLE_ASSIGNMENT((#4693));
#4693 = SURFACE_STYLE_USAGE(.BOTH.,#4694);
#4694 = SURFACE_SIDE_STYLE('',(#4695));
#4695 = SURFACE_STYLE_FILL_AREA(#4696);
#4696 = FILL_AREA_STYLE('',(#4697));
#4697 = FILL_AREA_STYLE_COLOUR('',#4473);
#4698 = OVER_RIDING_STYLED_ITEM('overriding color',(#4699),#1621,#4456);
#4699 = PRESENTATION_STYLE_ASSIGNMENT((#4700));
#4700 = SURFACE_STYLE_USAGE(.BOTH.,#4701);
#4701 = SURFACE_SIDE_STYLE('',(#4702));
#4702 = SURFACE_STYLE_FILL_AREA(#4703);
#4703 = FILL_AREA_STYLE('',(#4704));
#4704 = FILL_AREA_STYLE_COLOUR('',#4473);
#4705 = OVER_RIDING_STYLED_ITEM('overriding color',(#4706),#2882,#4456);
#4706 = PRESENTATION_STYLE_ASSIGNMENT((#4707));
#4707 = SURFACE_STYLE_USAGE(.BOTH.,#4708);
#4708 = SURFACE_SIDE_STYLE('',(#4709));
#4709 = SURFACE_STYLE_FILL_AREA(#4710);
#4710 = FILL_AREA_STYLE('',(#4711));
#4711 = FILL_AREA_STYLE_COLOUR('',#4473);
#4712 = OVER_RIDING_STYLED_ITEM('overriding color',(#4713),#2894,#4456);
#4713 = PRESENTATION_STYLE_ASSIGNMENT((#4714));
#4714 = SURFACE_STYLE_USAGE(.BOTH.,#4715);
#4715 = SURFACE_SIDE_STYLE('',(#4716));
#4716 = SURFACE_STYLE_FILL_AREA(#4717);
#4717 = FILL_AREA_STYLE('',(#4718));
#4718 = FILL_AREA_STYLE_COLOUR('',#4473);
#4719 = OVER_RIDING_STYLED_ITEM('overriding color',(#4720),#2906,#4456);
#4720 = PRESENTATION_STYLE_ASSIGNMENT((#4721));
#4721 = SURFACE_STYLE_USAGE(.BOTH.,#4722);
#4722 = SURFACE_SIDE_STYLE('',(#4723));
#4723 = SURFACE_STYLE_FILL_AREA(#4724);
#4724 = FILL_AREA_STYLE('',(#4725));
#4725 = FILL_AREA_STYLE_COLOUR('',#4473);
#4726 = OVER_RIDING_STYLED_ITEM('overriding color',(#4727),#2928,#4456);
#4727 = PRESENTATION_STYLE_ASSIGNMENT((#4728));
#4728 = SURFACE_STYLE_USAGE(.BOTH.,#4729);
#4729 = SURFACE_SIDE_STYLE('',(#4730));
#4730 = SURFACE_STYLE_FILL_AREA(#4731);
#4731 = FILL_AREA_STYLE('',(#4732));
#4732 = FILL_AREA_STYLE_COLOUR('',#4473);
#4733 = OVER_RIDING_STYLED_ITEM('overriding color',(#4734),#2945,#4456);
#4734 = PRESENTATION_STYLE_ASSIGNMENT((#4735));
#4735 = SURFACE_STYLE_USAGE(.BOTH.,#4736);
#4736 = SURFACE_SIDE_STYLE('',(#4737));
#4737 = SURFACE_STYLE_FILL_AREA(#4738);
#4738 = FILL_AREA_STYLE('',(#4739));
#4739 = FILL_AREA_STYLE_COLOUR('',#4473);
#4740 = OVER_RIDING_STYLED_ITEM('overriding color',(#4741),#2957,#4456);
#4741 = PRESENTATION_STYLE_ASSIGNMENT((#4742));
#4742 = SURFACE_STYLE_USAGE(.BOTH.,#4743);
#4743 = SURFACE_SIDE_STYLE('',(#4744));
#4744 = SURFACE_STYLE_FILL_AREA(#4745);
#4745 = FILL_AREA_STYLE('',(#4746));
#4746 = FILL_AREA_STYLE_COLOUR('',#4473);
#4747 = OVER_RIDING_STYLED_ITEM('overriding color',(#4748),#2979,#4456);
#4748 = PRESENTATION_STYLE_ASSIGNMENT((#4749));
#4749 = SURFACE_STYLE_USAGE(.BOTH.,#4750);
#4750 = SURFACE_SIDE_STYLE('',(#4751));
#4751 = SURFACE_STYLE_FILL_AREA(#4752);
#4752 = FILL_AREA_STYLE('',(#4753));
#4753 = FILL_AREA_STYLE_COLOUR('',#4473);
#4754 = OVER_RIDING_STYLED_ITEM('overriding color',(#4755),#2996,#4456);
#4755 = PRESENTATION_STYLE_ASSIGNMENT((#4756));
#4756 = SURFACE_STYLE_USAGE(.BOTH.,#4757);
#4757 = SURFACE_SIDE_STYLE('',(#4758));
#4758 = SURFACE_STYLE_FILL_AREA(#4759);
#4759 = FILL_AREA_STYLE('',(#4760));
#4760 = FILL_AREA_STYLE_COLOUR('',#4473);
#4761 = OVER_RIDING_STYLED_ITEM('overriding color',(#4762),#3008,#4456);
#4762 = PRESENTATION_STYLE_ASSIGNMENT((#4763));
#4763 = SURFACE_STYLE_USAGE(.BOTH.,#4764);
#4764 = SURFACE_SIDE_STYLE('',(#4765));
#4765 = SURFACE_STYLE_FILL_AREA(#4766);
#4766 = FILL_AREA_STYLE('',(#4767));
#4767 = FILL_AREA_STYLE_COLOUR('',#4473);
#4768 = OVER_RIDING_STYLED_ITEM('overriding color',(#4769),#3030,#4456);
#4769 = PRESENTATION_STYLE_ASSIGNMENT((#4770));
#4770 = SURFACE_STYLE_USAGE(.BOTH.,#4771);
#4771 = SURFACE_SIDE_STYLE('',(#4772));
#4772 = SURFACE_STYLE_FILL_AREA(#4773);
#4773 = FILL_AREA_STYLE('',(#4774));
#4774 = FILL_AREA_STYLE_COLOUR('',#4473);
#4775 = OVER_RIDING_STYLED_ITEM('overriding color',(#4776),#3047,#4456);
#4776 = PRESENTATION_STYLE_ASSIGNMENT((#4777));
#4777 = SURFACE_STYLE_USAGE(.BOTH.,#4778);
#4778 = SURFACE_SIDE_STYLE('',(#4779));
#4779 = SURFACE_STYLE_FILL_AREA(#4780);
#4780 = FILL_AREA_STYLE('',(#4781));
#4781 = FILL_AREA_STYLE_COLOUR('',#4473);
#4782 = OVER_RIDING_STYLED_ITEM('overriding color',(#4783),#3059,#4456);
#4783 = PRESENTATION_STYLE_ASSIGNMENT((#4784));
#4784 = SURFACE_STYLE_USAGE(.BOTH.,#4785);
#4785 = SURFACE_SIDE_STYLE('',(#4786));
#4786 = SURFACE_STYLE_FILL_AREA(#4787);
#4787 = FILL_AREA_STYLE('',(#4788));
#4788 = FILL_AREA_STYLE_COLOUR('',#4473);
#4789 = OVER_RIDING_STYLED_ITEM('overriding color',(#4790),#3081,#4456);
#4790 = PRESENTATION_STYLE_ASSIGNMENT((#4791));
#4791 = SURFACE_STYLE_USAGE(.BOTH.,#4792);
#4792 = SURFACE_SIDE_STYLE('',(#4793));
#4793 = SURFACE_STYLE_FILL_AREA(#4794);
#4794 = FILL_AREA_STYLE('',(#4795));
#4795 = FILL_AREA_STYLE_COLOUR('',#4473);
#4796 = OVER_RIDING_STYLED_ITEM('overriding color',(#4797),#3098,#4456);
#4797 = PRESENTATION_STYLE_ASSIGNMENT((#4798));
#4798 = SURFACE_STYLE_USAGE(.BOTH.,#4799);
#4799 = SURFACE_SIDE_STYLE('',(#4800));
#4800 = SURFACE_STYLE_FILL_AREA(#4801);
#4801 = FILL_AREA_STYLE('',(#4802));
#4802 = FILL_AREA_STYLE_COLOUR('',#4473);
#4803 = OVER_RIDING_STYLED_ITEM('overriding color',(#4804),#3110,#4456);
#4804 = PRESENTATION_STYLE_ASSIGNMENT((#4805));
#4805 = SURFACE_STYLE_USAGE(.BOTH.,#4806);
#4806 = SURFACE_SIDE_STYLE('',(#4807));
#4807 = SURFACE_STYLE_FILL_AREA(#4808);
#4808 = FILL_AREA_STYLE('',(#4809));
#4809 = FILL_AREA_STYLE_COLOUR('',#4473);
#4810 = OVER_RIDING_STYLED_ITEM('overriding color',(#4811),#3122,#4456);
#4811 = PRESENTATION_STYLE_ASSIGNMENT((#4812));
#4812 = SURFACE_STYLE_USAGE(.BOTH.,#4813);
#4813 = SURFACE_SIDE_STYLE('',(#4814));
#4814 = SURFACE_STYLE_FILL_AREA(#4815);
#4815 = FILL_AREA_STYLE('',(#4816));
#4816 = FILL_AREA_STYLE_COLOUR('',#4473);
#4817 = OVER_RIDING_STYLED_ITEM('overriding color',(#4818),#3134,#4456);
#4818 = PRESENTATION_STYLE_ASSIGNMENT((#4819));
#4819 = SURFACE_STYLE_USAGE(.BOTH.,#4820);
#4820 = SURFACE_SIDE_STYLE('',(#4821));
#4821 = SURFACE_STYLE_FILL_AREA(#4822);
#4822 = FILL_AREA_STYLE('',(#4823));
#4823 = FILL_AREA_STYLE_COLOUR('',#4473);
#4824 = OVER_RIDING_STYLED_ITEM('overriding color',(#4825),#3146,#4456);
#4825 = PRESENTATION_STYLE_ASSIGNMENT((#4826));
#4826 = SURFACE_STYLE_USAGE(.BOTH.,#4827);
#4827 = SURFACE_SIDE_STYLE('',(#4828));
#4828 = SURFACE_STYLE_FILL_AREA(#4829);
#4829 = FILL_AREA_STYLE('',(#4830));
#4830 = FILL_AREA_STYLE_COLOUR('',#4473);
#4831 = OVER_RIDING_STYLED_ITEM('overriding color',(#4832),#3158,#4456);
#4832 = PRESENTATION_STYLE_ASSIGNMENT((#4833));
#4833 = SURFACE_STYLE_USAGE(.BOTH.,#4834);
#4834 = SURFACE_SIDE_STYLE('',(#4835));
#4835 = SURFACE_STYLE_FILL_AREA(#4836);
#4836 = FILL_AREA_STYLE('',(#4837));
#4837 = FILL_AREA_STYLE_COLOUR('',#4473);
#4838 = OVER_RIDING_STYLED_ITEM('overriding color',(#4839),#3189,#4456);
#4839 = PRESENTATION_STYLE_ASSIGNMENT((#4840));
#4840 = SURFACE_STYLE_USAGE(.BOTH.,#4841);
#4841 = SURFACE_SIDE_STYLE('',(#4842));
#4842 = SURFACE_STYLE_FILL_AREA(#4843);
#4843 = FILL_AREA_STYLE('',(#4844));
#4844 = FILL_AREA_STYLE_COLOUR('',#4473);
#4845 = OVER_RIDING_STYLED_ITEM('overriding color',(#4846),#3213,#4456);
#4846 = PRESENTATION_STYLE_ASSIGNMENT((#4847));
#4847 = SURFACE_STYLE_USAGE(.BOTH.,#4848);
#4848 = SURFACE_SIDE_STYLE('',(#4849));
#4849 = SURFACE_STYLE_FILL_AREA(#4850);
#4850 = FILL_AREA_STYLE('',(#4851));
#4851 = FILL_AREA_STYLE_COLOUR('',#4473);
#4852 = OVER_RIDING_STYLED_ITEM('overriding color',(#4853),#3237,#4456);
#4853 = PRESENTATION_STYLE_ASSIGNMENT((#4854));
#4854 = SURFACE_STYLE_USAGE(.BOTH.,#4855);
#4855 = SURFACE_SIDE_STYLE('',(#4856));
#4856 = SURFACE_STYLE_FILL_AREA(#4857);
#4857 = FILL_AREA_STYLE('',(#4858));
#4858 = FILL_AREA_STYLE_COLOUR('',#4473);
#4859 = OVER_RIDING_STYLED_ITEM('overriding color',(#4860),#3254,#4456);
#4860 = PRESENTATION_STYLE_ASSIGNMENT((#4861));
#4861 = SURFACE_STYLE_USAGE(.BOTH.,#4862);
#4862 = SURFACE_SIDE_STYLE('',(#4863));
#4863 = SURFACE_STYLE_FILL_AREA(#4864);
#4864 = FILL_AREA_STYLE('',(#4865));
#4865 = FILL_AREA_STYLE_COLOUR('',#4473);
#4866 = OVER_RIDING_STYLED_ITEM('overriding color',(#4867),#3294,#4456);
#4867 = PRESENTATION_STYLE_ASSIGNMENT((#4868));
#4868 = SURFACE_STYLE_USAGE(.BOTH.,#4869);
#4869 = SURFACE_SIDE_STYLE('',(#4870));
#4870 = SURFACE_STYLE_FILL_AREA(#4871);
#4871 = FILL_AREA_STYLE('',(#4872));
#4872 = FILL_AREA_STYLE_COLOUR('',#4473);
#4873 = OVER_RIDING_STYLED_ITEM('overriding color',(#4874),#3325,#4456);
#4874 = PRESENTATION_STYLE_ASSIGNMENT((#4875));
#4875 = SURFACE_STYLE_USAGE(.BOTH.,#4876);
#4876 = SURFACE_SIDE_STYLE('',(#4877));
#4877 = SURFACE_STYLE_FILL_AREA(#4878);
#4878 = FILL_AREA_STYLE('',(#4879));
#4879 = FILL_AREA_STYLE_COLOUR('',#4473);
#4880 = OVER_RIDING_STYLED_ITEM('overriding color',(#4881),#3349,#4456);
#4881 = PRESENTATION_STYLE_ASSIGNMENT((#4882));
#4882 = SURFACE_STYLE_USAGE(.BOTH.,#4883);
#4883 = SURFACE_SIDE_STYLE('',(#4884));
#4884 = SURFACE_STYLE_FILL_AREA(#4885);
#4885 = FILL_AREA_STYLE('',(#4886));
#4886 = FILL_AREA_STYLE_COLOUR('',#4473);
#4887 = OVER_RIDING_STYLED_ITEM('overriding color',(#4888),#3373,#4456);
#4888 = PRESENTATION_STYLE_ASSIGNMENT((#4889));
#4889 = SURFACE_STYLE_USAGE(.BOTH.,#4890);
#4890 = SURFACE_SIDE_STYLE('',(#4891));
#4891 = SURFACE_STYLE_FILL_AREA(#4892);
#4892 = FILL_AREA_STYLE('',(#4893));
#4893 = FILL_AREA_STYLE_COLOUR('',#4473);
#4894 = OVER_RIDING_STYLED_ITEM('overriding color',(#4895),#3390,#4456);
#4895 = PRESENTATION_STYLE_ASSIGNMENT((#4896));
#4896 = SURFACE_STYLE_USAGE(.BOTH.,#4897);
#4897 = SURFACE_SIDE_STYLE('',(#4898));
#4898 = SURFACE_STYLE_FILL_AREA(#4899);
#4899 = FILL_AREA_STYLE('',(#4900));
#4900 = FILL_AREA_STYLE_COLOUR('',#4473);
#4901 = OVER_RIDING_STYLED_ITEM('overriding color',(#4902),#3430,#4456);
#4902 = PRESENTATION_STYLE_ASSIGNMENT((#4903));
#4903 = SURFACE_STYLE_USAGE(.BOTH.,#4904);
#4904 = SURFACE_SIDE_STYLE('',(#4905));
#4905 = SURFACE_STYLE_FILL_AREA(#4906);
#4906 = FILL_AREA_STYLE('',(#4907));
#4907 = FILL_AREA_STYLE_COLOUR('',#4473);
#4908 = OVER_RIDING_STYLED_ITEM('overriding color',(#4909),#3461,#4456);
#4909 = PRESENTATION_STYLE_ASSIGNMENT((#4910));
#4910 = SURFACE_STYLE_USAGE(.BOTH.,#4911);
#4911 = SURFACE_SIDE_STYLE('',(#4912));
#4912 = SURFACE_STYLE_FILL_AREA(#4913);
#4913 = FILL_AREA_STYLE('',(#4914));
#4914 = FILL_AREA_STYLE_COLOUR('',#4473);
#4915 = OVER_RIDING_STYLED_ITEM('overriding color',(#4916),#3485,#4456);
#4916 = PRESENTATION_STYLE_ASSIGNMENT((#4917));
#4917 = SURFACE_STYLE_USAGE(.BOTH.,#4918);
#4918 = SURFACE_SIDE_STYLE('',(#4919));
#4919 = SURFACE_STYLE_FILL_AREA(#4920);
#4920 = FILL_AREA_STYLE('',(#4921));
#4921 = FILL_AREA_STYLE_COLOUR('',#4473);
#4922 = OVER_RIDING_STYLED_ITEM('overriding color',(#4923),#3509,#4456);
#4923 = PRESENTATION_STYLE_ASSIGNMENT((#4924));
#4924 = SURFACE_STYLE_USAGE(.BOTH.,#4925);
#4925 = SURFACE_SIDE_STYLE('',(#4926));
#4926 = SURFACE_STYLE_FILL_AREA(#4927);
#4927 = FILL_AREA_STYLE('',(#4928));
#4928 = FILL_AREA_STYLE_COLOUR('',#4473);
#4929 = OVER_RIDING_STYLED_ITEM('overriding color',(#4930),#3526,#4456);
#4930 = PRESENTATION_STYLE_ASSIGNMENT((#4931));
#4931 = SURFACE_STYLE_USAGE(.BOTH.,#4932);
#4932 = SURFACE_SIDE_STYLE('',(#4933));
#4933 = SURFACE_STYLE_FILL_AREA(#4934);
#4934 = FILL_AREA_STYLE('',(#4935));
#4935 = FILL_AREA_STYLE_COLOUR('',#4473);
#4936 = OVER_RIDING_STYLED_ITEM('overriding color',(#4937),#3566,#4456);
#4937 = PRESENTATION_STYLE_ASSIGNMENT((#4938));
#4938 = SURFACE_STYLE_USAGE(.BOTH.,#4939);
#4939 = SURFACE_SIDE_STYLE('',(#4940));
#4940 = SURFACE_STYLE_FILL_AREA(#4941);
#4941 = FILL_AREA_STYLE('',(#4942));
#4942 = FILL_AREA_STYLE_COLOUR('',#4473);
#4943 = OVER_RIDING_STYLED_ITEM('overriding color',(#4944),#3597,#4456);
#4944 = PRESENTATION_STYLE_ASSIGNMENT((#4945));
#4945 = SURFACE_STYLE_USAGE(.BOTH.,#4946);
#4946 = SURFACE_SIDE_STYLE('',(#4947));
#4947 = SURFACE_STYLE_FILL_AREA(#4948);
#4948 = FILL_AREA_STYLE('',(#4949));
#4949 = FILL_AREA_STYLE_COLOUR('',#4473);
#4950 = OVER_RIDING_STYLED_ITEM('overriding color',(#4951),#3621,#4456);
#4951 = PRESENTATION_STYLE_ASSIGNMENT((#4952));
#4952 = SURFACE_STYLE_USAGE(.BOTH.,#4953);
#4953 = SURFACE_SIDE_STYLE('',(#4954));
#4954 = SURFACE_STYLE_FILL_AREA(#4955);
#4955 = FILL_AREA_STYLE('',(#4956));
#4956 = FILL_AREA_STYLE_COLOUR('',#4473);
#4957 = OVER_RIDING_STYLED_ITEM('overriding color',(#4958),#3645,#4456);
#4958 = PRESENTATION_STYLE_ASSIGNMENT((#4959));
#4959 = SURFACE_STYLE_USAGE(.BOTH.,#4960);
#4960 = SURFACE_SIDE_STYLE('',(#4961));
#4961 = SURFACE_STYLE_FILL_AREA(#4962);
#4962 = FILL_AREA_STYLE('',(#4963));
#4963 = FILL_AREA_STYLE_COLOUR('',#4473);
#4964 = OVER_RIDING_STYLED_ITEM('overriding color',(#4965),#3662,#4456);
#4965 = PRESENTATION_STYLE_ASSIGNMENT((#4966));
#4966 = SURFACE_STYLE_USAGE(.BOTH.,#4967);
#4967 = SURFACE_SIDE_STYLE('',(#4968));
#4968 = SURFACE_STYLE_FILL_AREA(#4969);
#4969 = FILL_AREA_STYLE('',(#4970));
#4970 = FILL_AREA_STYLE_COLOUR('',#4473);
#4971 = OVER_RIDING_STYLED_ITEM('overriding color',(#4972),#3702,#4456);
#4972 = PRESENTATION_STYLE_ASSIGNMENT((#4973));
#4973 = SURFACE_STYLE_USAGE(.BOTH.,#4974);
#4974 = SURFACE_SIDE_STYLE('',(#4975));
#4975 = SURFACE_STYLE_FILL_AREA(#4976);
#4976 = FILL_AREA_STYLE('',(#4977));
#4977 = FILL_AREA_STYLE_COLOUR('',#4473);
#4978 = OVER_RIDING_STYLED_ITEM('overriding color',(#4979),#3724,#4456);
#4979 = PRESENTATION_STYLE_ASSIGNMENT((#4980));
#4980 = SURFACE_STYLE_USAGE(.BOTH.,#4981);
#4981 = SURFACE_SIDE_STYLE('',(#4982));
#4982 = SURFACE_STYLE_FILL_AREA(#4983);
#4983 = FILL_AREA_STYLE('',(#4984));
#4984 = FILL_AREA_STYLE_COLOUR('',#4473);
#4985 = OVER_RIDING_STYLED_ITEM('overriding color',(#4986),#3741,#4456);
#4986 = PRESENTATION_STYLE_ASSIGNMENT((#4987));
#4987 = SURFACE_STYLE_USAGE(.BOTH.,#4988);
#4988 = SURFACE_SIDE_STYLE('',(#4989));
#4989 = SURFACE_STYLE_FILL_AREA(#4990);
#4990 = FILL_AREA_STYLE('',(#4991));
#4991 = FILL_AREA_STYLE_COLOUR('',#4473);
#4992 = OVER_RIDING_STYLED_ITEM('overriding color',(#4993),#3758,#4456);
#4993 = PRESENTATION_STYLE_ASSIGNMENT((#4994));
#4994 = SURFACE_STYLE_USAGE(.BOTH.,#4995);
#4995 = SURFACE_SIDE_STYLE('',(#4996));
#4996 = SURFACE_STYLE_FILL_AREA(#4997);
#4997 = FILL_AREA_STYLE('',(#4998));
#4998 = FILL_AREA_STYLE_COLOUR('',#4473);
#4999 = OVER_RIDING_STYLED_ITEM('overriding color',(#5000),#3770,#4456);
#5000 = PRESENTATION_STYLE_ASSIGNMENT((#5001));
#5001 = SURFACE_STYLE_USAGE(.BOTH.,#5002);
#5002 = SURFACE_SIDE_STYLE('',(#5003));
#5003 = SURFACE_STYLE_FILL_AREA(#5004);
#5004 = FILL_AREA_STYLE('',(#5005));
#5005 = FILL_AREA_STYLE_COLOUR('',#4473);
#5006 = OVER_RIDING_STYLED_ITEM('overriding color',(#5007),#3792,#4456);
#5007 = PRESENTATION_STYLE_ASSIGNMENT((#5008));
#5008 = SURFACE_STYLE_USAGE(.BOTH.,#5009);
#5009 = SURFACE_SIDE_STYLE('',(#5010));
#5010 = SURFACE_STYLE_FILL_AREA(#5011);
#5011 = FILL_AREA_STYLE('',(#5012));
#5012 = FILL_AREA_STYLE_COLOUR('',#4473);
#5013 = OVER_RIDING_STYLED_ITEM('overriding color',(#5014),#3809,#4456);
#5014 = PRESENTATION_STYLE_ASSIGNMENT((#5015));
#5015 = SURFACE_STYLE_USAGE(.BOTH.,#5016);
#5016 = SURFACE_SIDE_STYLE('',(#5017));
#5017 = SURFACE_STYLE_FILL_AREA(#5018);
#5018 = FILL_AREA_STYLE('',(#5019));
#5019 = FILL_AREA_STYLE_COLOUR('',#4473);
#5020 = OVER_RIDING_STYLED_ITEM('overriding color',(#5021),#3826,#4456);
#5021 = PRESENTATION_STYLE_ASSIGNMENT((#5022));
#5022 = SURFACE_STYLE_USAGE(.BOTH.,#5023);
#5023 = SURFACE_SIDE_STYLE('',(#5024));
#5024 = SURFACE_STYLE_FILL_AREA(#5025);
#5025 = FILL_AREA_STYLE('',(#5026));
#5026 = FILL_AREA_STYLE_COLOUR('',#4473);
#5027 = OVER_RIDING_STYLED_ITEM('overriding color',(#5028),#3838,#4456);
#5028 = PRESENTATION_STYLE_ASSIGNMENT((#5029));
#5029 = SURFACE_STYLE_USAGE(.BOTH.,#5030);
#5030 = SURFACE_SIDE_STYLE('',(#5031));
#5031 = SURFACE_STYLE_FILL_AREA(#5032);
#5032 = FILL_AREA_STYLE('',(#5033));
#5033 = FILL_AREA_STYLE_COLOUR('',#4473);
#5034 = OVER_RIDING_STYLED_ITEM('overriding color',(#5035),#3860,#4456);
#5035 = PRESENTATION_STYLE_ASSIGNMENT((#5036));
#5036 = SURFACE_STYLE_USAGE(.BOTH.,#5037);
#5037 = SURFACE_SIDE_STYLE('',(#5038));
#5038 = SURFACE_STYLE_FILL_AREA(#5039);
#5039 = FILL_AREA_STYLE('',(#5040));
#5040 = FILL_AREA_STYLE_COLOUR('',#4473);
#5041 = OVER_RIDING_STYLED_ITEM('overriding color',(#5042),#3877,#4456);
#5042 = PRESENTATION_STYLE_ASSIGNMENT((#5043));
#5043 = SURFACE_STYLE_USAGE(.BOTH.,#5044);
#5044 = SURFACE_SIDE_STYLE('',(#5045));
#5045 = SURFACE_STYLE_FILL_AREA(#5046);
#5046 = FILL_AREA_STYLE('',(#5047));
#5047 = FILL_AREA_STYLE_COLOUR('',#4473);
#5048 = OVER_RIDING_STYLED_ITEM('overriding color',(#5049),#3894,#4456);
#5049 = PRESENTATION_STYLE_ASSIGNMENT((#5050));
#5050 = SURFACE_STYLE_USAGE(.BOTH.,#5051);
#5051 = SURFACE_SIDE_STYLE('',(#5052));
#5052 = SURFACE_STYLE_FILL_AREA(#5053);
#5053 = FILL_AREA_STYLE('',(#5054));
#5054 = FILL_AREA_STYLE_COLOUR('',#4473);
#5055 = OVER_RIDING_STYLED_ITEM('overriding color',(#5056),#3906,#4456);
#5056 = PRESENTATION_STYLE_ASSIGNMENT((#5057));
#5057 = SURFACE_STYLE_USAGE(.BOTH.,#5058);
#5058 = SURFACE_SIDE_STYLE('',(#5059));
#5059 = SURFACE_STYLE_FILL_AREA(#5060);
#5060 = FILL_AREA_STYLE('',(#5061));
#5061 = FILL_AREA_STYLE_COLOUR('',#4473);
#5062 = OVER_RIDING_STYLED_ITEM('overriding color',(#5063),#3928,#4456);
#5063 = PRESENTATION_STYLE_ASSIGNMENT((#5064));
#5064 = SURFACE_STYLE_USAGE(.BOTH.,#5065);
#5065 = SURFACE_SIDE_STYLE('',(#5066));
#5066 = SURFACE_STYLE_FILL_AREA(#5067);
#5067 = FILL_AREA_STYLE('',(#5068));
#5068 = FILL_AREA_STYLE_COLOUR('',#4473);
#5069 = OVER_RIDING_STYLED_ITEM('overriding color',(#5070),#3945,#4456);
#5070 = PRESENTATION_STYLE_ASSIGNMENT((#5071));
#5071 = SURFACE_STYLE_USAGE(.BOTH.,#5072);
#5072 = SURFACE_SIDE_STYLE('',(#5073));
#5073 = SURFACE_STYLE_FILL_AREA(#5074);
#5074 = FILL_AREA_STYLE('',(#5075));
#5075 = FILL_AREA_STYLE_COLOUR('',#4473);
#5076 = OVER_RIDING_STYLED_ITEM('overriding color',(#5077),#3962,#4456);
#5077 = PRESENTATION_STYLE_ASSIGNMENT((#5078));
#5078 = SURFACE_STYLE_USAGE(.BOTH.,#5079);
#5079 = SURFACE_SIDE_STYLE('',(#5080));
#5080 = SURFACE_STYLE_FILL_AREA(#5081);
#5081 = FILL_AREA_STYLE('',(#5082));
#5082 = FILL_AREA_STYLE_COLOUR('',#4473);
#5083 = MECHANICAL_DESIGN_GEOMETRIC_PRESENTATION_REPRESENTATION('',(
    #5084),#4444);
#5084 = STYLED_ITEM('color',(#5085),#3998);
#5085 = PRESENTATION_STYLE_ASSIGNMENT((#5086));
#5086 = SURFACE_STYLE_USAGE(.BOTH.,#5087);
#5087 = SURFACE_SIDE_STYLE('',(#5088));
#5088 = SURFACE_STYLE_FILL_AREA(#5089);
#5089 = FILL_AREA_STYLE('',(#5090));
#5090 = FILL_AREA_STYLE_COLOUR('',#5091);
#5091 = COLOUR_RGB('',0.313304153717,0.484529207832,0.410020903123);
ENDSEC;
END-ISO-10303-21;
